"uri","constituency type","ended date","gss code","label","os name","started date"
"http://data.parliament.uk/resources/143461",,"1950-02-23",,"Aberavon",,"1918-12-14"
"http://data.parliament.uk/resources/143462",,"1974-02-28",,"Aberavon",,"1950-02-23"
"http://data.parliament.uk/resources/143463","County","1983-06-09",,"Aberavon",,"1974-02-28"
"http://data.parliament.uk/resources/143464","County","1997-05-01",,"Aberavon",,"1983-06-09"
"http://data.parliament.uk/resources/143465","County","2010-05-06",,"Aberavon","Aberavon Co Const","1997-05-01"
"http://data.parliament.uk/resources/146747","County",,"W07000049","Aberavon",,"2010-05-06"
"http://data.parliament.uk/resources/146748","County",,"W07000058","Aberconwy","Aberconwy Co Const","2010-05-06"
"http://data.parliament.uk/resources/143466",,"1974-02-28",,"Aberdare",,"1950-02-23"
"http://data.parliament.uk/resources/143467","Borough","1983-06-09",,"Aberdare",,"1974-02-28"
"http://data.parliament.uk/resources/143468","Borough","2005-05-05",,"Aberdeen Central","Aberdeen Central Burgh Const","1997-05-01"
"http://data.parliament.uk/resources/143469",,"1950-02-23",,"Aberdeen North",,"1918-12-14"
"http://data.parliament.uk/resources/143470",,"1974-02-28",,"Aberdeen North",,"1950-02-23"
"http://data.parliament.uk/resources/143471","Borough","1983-06-09",,"Aberdeen North",,"1974-02-28"
"http://data.parliament.uk/resources/143472","Borough","1997-05-01",,"Aberdeen North",,"1983-06-09"
"http://data.parliament.uk/resources/143473","Borough","2005-05-05",,"Aberdeen North","Aberdeen North Burgh Const","1997-05-01"
"http://data.parliament.uk/resources/143474","Borough",,"S14000001","Aberdeen North","Aberdeen North Burgh Const","2005-04-05"
"http://data.parliament.uk/resources/143475",,"1950-02-23",,"Aberdeen South",,"1918-12-14"
"http://data.parliament.uk/resources/143476",,"1974-02-28",,"Aberdeen South",,"1950-02-23"
"http://data.parliament.uk/resources/143477","Borough","1983-06-09",,"Aberdeen South",,"1974-02-28"
"http://data.parliament.uk/resources/143478","Borough","1997-05-01",,"Aberdeen South",,"1983-06-09"
"http://data.parliament.uk/resources/143479","Borough","2005-05-05",,"Aberdeen South","Aberdeen South Burgh Const","1997-05-01"
"http://data.parliament.uk/resources/143480","Borough",,"S14000002","Aberdeen South","Aberdeen South Burgh Const","2005-04-05"
"http://data.parliament.uk/resources/146556","County",,"S14000058","West Aberdeenshire and Kincardine","West Aberdeenshire and Kincardine Co Const","2005-04-05"
"http://data.parliament.uk/resources/143481",,"1950-02-23",,"Aberdeenshire and Kincardineshire, Central",,"1918-12-14"
"http://data.parliament.uk/resources/143482",,"1950-02-23",,"Aberdeenshire and Kincardineshire, Eastern",,"1918-12-14"
"http://data.parliament.uk/resources/143483",,"1950-02-23",,"Aberdeenshire and Kincardineshire, Kincardine and Western",,"1918-12-14"
"http://data.parliament.uk/resources/143484",,"1950-02-23",,"Abertillery",,"1918-12-14"
"http://data.parliament.uk/resources/143485",,"1974-02-28",,"Abertillery",,"1950-02-23"
"http://data.parliament.uk/resources/143486","County","1983-06-09",,"Abertillery",,"1974-02-28"
"http://data.parliament.uk/resources/143487",,"1950-02-23",,"Abingdon",,"1918-12-14"
"http://data.parliament.uk/resources/143488",,"1974-02-28",,"Abingdon",,"1950-02-23"
"http://data.parliament.uk/resources/143489","County","1983-06-09",,"Abingdon",,"1974-02-28"
"http://data.parliament.uk/resources/143490",,"1950-02-23",,"Accrington",,"1918-12-14"
"http://data.parliament.uk/resources/143491",,"1974-02-28",,"Accrington",,"1950-02-23"
"http://data.parliament.uk/resources/143492","Borough","1983-06-09",,"Accrington",,"1974-02-28"
"http://data.parliament.uk/resources/143493",,"1950-02-23",,"Acton",,"1918-12-14"
"http://data.parliament.uk/resources/143494",,"1974-02-28",,"Acton",,"1950-02-23"
"http://data.parliament.uk/resources/143495","Borough","2005-05-05",,"Airdrie & Shotts","Airdrie and Shotts Burgh Const","1997-05-01"
"http://data.parliament.uk/resources/143496","County",,"S14000003","Airdrie and Shotts","Airdrie and Shotts Co Const","2005-04-05"
"http://data.parliament.uk/resources/143497",,"1950-02-23",,"Aldershot",,"1918-12-14"
"http://data.parliament.uk/resources/143498",,"1974-02-28",,"Aldershot",,"1950-02-23"
"http://data.parliament.uk/resources/143499","County","1983-06-09",,"Aldershot",,"1974-02-28"
"http://data.parliament.uk/resources/143500","County","1997-05-01",,"Aldershot",,"1983-06-09"
"http://data.parliament.uk/resources/143501","County","2010-05-06",,"Aldershot","Aldershot Co Const","1997-05-01"
"http://data.parliament.uk/resources/146749","Borough",,"E14000530","Aldershot","Aldershot Boro Const","2010-05-06"
"http://data.parliament.uk/resources/143502","Borough","1983-06-09",,"Aldridge-Brownhills",,"1974-02-28"
"http://data.parliament.uk/resources/143503","Borough","1997-05-01",,"Aldridge-Brownhills",,"1983-06-09"
"http://data.parliament.uk/resources/143504","Borough","2010-05-06",,"Aldridge-Brownhills","Aldridge-Brownhills Boro Const","1997-05-01"
"http://data.parliament.uk/resources/146750","Borough",,"E14000531","Aldridge-Brownhills","Aldridge-Brownhills Boro Const","2010-05-06"
"http://data.parliament.uk/resources/143505",,"1950-02-23",,"Altrincham",,"1918-12-14"
"http://data.parliament.uk/resources/143506",,"1950-02-23",,"Altrincham & Sale",,"1918-12-14"
"http://data.parliament.uk/resources/143507",,"1974-02-28",,"Altrincham & Sale",,"1950-02-23"
"http://data.parliament.uk/resources/143508","Borough","1983-06-09",,"Altrincham & Sale",,"1974-02-28"
"http://data.parliament.uk/resources/143509","Borough","1997-05-01",,"Altrincham & Sale",,"1983-06-09"
"http://data.parliament.uk/resources/143510","Borough","2010-05-06",,"Altrincham & Sale West","Altrincham and Sale West Boro Const","1997-05-01"
"http://data.parliament.uk/resources/146751","Borough",,"E14000532","Altrincham and Sale West","Altrincham and Sale West Boro Const","2010-05-06"
"http://data.parliament.uk/resources/143511","County","1997-05-01",,"Alyn & Deeside",,"1983-06-09"
"http://data.parliament.uk/resources/143512","County","2010-05-06",,"Alyn & Deeside","Alyn and Deeside Co Const","1997-05-01"
"http://data.parliament.uk/resources/146752","County",,"W07000043","Alyn and Deeside",,"2010-05-06"
"http://data.parliament.uk/resources/143513","County","1997-05-01",,"Amber Valley",,"1983-06-09"
"http://data.parliament.uk/resources/143514","County","2010-05-06",,"Amber Valley","Amber Valley Co Const","1997-05-01"
"http://data.parliament.uk/resources/146753","County",,"E14000533","Amber Valley","Amber Valley Co Const","2010-05-06"
"http://data.parliament.uk/resources/143515",,"1950-02-23",,"Anglesey",,"1918-12-14"
"http://data.parliament.uk/resources/143516",,"1974-02-28",,"Anglesey",,"1950-02-23"
"http://data.parliament.uk/resources/143517","County","1983-06-09",,"Anglesey",,"1974-02-28"
"http://data.parliament.uk/resources/143518","County","2005-05-05",,"Angus","Angus Co Const","1997-05-01"
"http://data.parliament.uk/resources/143519","County",,"S14000004","Angus","Angus Co Const","2005-04-05"
"http://data.parliament.uk/resources/143520","County","1997-05-01",,"Angus East",,"1983-06-09"
"http://data.parliament.uk/resources/143521",,"1950-02-23",,"Antrim",,"1918-12-14"
"http://data.parliament.uk/resources/146919","County",,"N06000005","East Antrim",,"2010-05-06"
"http://data.parliament.uk/resources/147094","County",,"N06000012","North Antrim",,"2010-05-06"
"http://data.parliament.uk/resources/147196","County",,"N06000014","South Antrim",,"2010-05-06"
"http://data.parliament.uk/resources/146754","County",,"W07000057","Arfon","Arfon Co Const","2010-05-06"
"http://data.parliament.uk/resources/143522",,"1950-02-23",,"Argyll",,"1918-12-14"
"http://data.parliament.uk/resources/143523",,"1974-02-28",,"Argyll",,"1950-02-23"
"http://data.parliament.uk/resources/143524","County","1983-06-09",,"Argyll",,"1974-02-28"
"http://data.parliament.uk/resources/143525","County","1997-05-01",,"Argyll & Bute",,"1983-06-09"
"http://data.parliament.uk/resources/143526","County","2005-05-05",,"Argyll & Bute","Argyll and Bute Co Const","1997-05-01"
"http://data.parliament.uk/resources/143527","County",,"S14000005","Argyll and Bute","Argyll and Bute Co Const","2005-04-05"
"http://data.parliament.uk/resources/143528",,"1950-02-23",,"Armagh",,"1918-12-14"
"http://data.parliament.uk/resources/143529",,"1974-02-28",,"Armagh",,"1950-02-23"
"http://data.parliament.uk/resources/143530","County","1983-06-09",,"Armagh",,"1974-02-28"
"http://data.parliament.uk/resources/143531","County","1983-06-09",,"Arundel",,"1974-02-28"
"http://data.parliament.uk/resources/143532","County","1997-05-01",,"Arundel",,"1983-06-09"
"http://data.parliament.uk/resources/143533",,"1974-02-28",,"Arundel & Shoreham",,"1950-02-23"
"http://data.parliament.uk/resources/143534","County","2010-05-06",,"Arundel & South Downs","Arundel and South Downs Co Const","1997-05-01"
"http://data.parliament.uk/resources/146755","County",,"E14000534","Arundel and South Downs","Arundel and South Downs Co Const","2010-05-06"
"http://data.parliament.uk/resources/143535",,"1974-02-28",,"Ashfield",,"1955-05-26"
"http://data.parliament.uk/resources/143536","County","1983-06-09",,"Ashfield",,"1974-02-28"
"http://data.parliament.uk/resources/143537","County","1997-05-01",,"Ashfield",,"1983-06-09"
"http://data.parliament.uk/resources/143538","County","2010-05-06",,"Ashfield","Ashfield Co Const","1997-05-01"
"http://data.parliament.uk/resources/146756","County",,"E14000535","Ashfield","Ashfield Co Const","2010-05-06"
"http://data.parliament.uk/resources/143539",,"1950-02-23",,"Ashford",,"1918-12-14"
"http://data.parliament.uk/resources/143540",,"1974-02-28",,"Ashford",,"1950-02-23"
"http://data.parliament.uk/resources/143541","County","1983-06-09",,"Ashford",,"1974-02-28"
"http://data.parliament.uk/resources/143542","County","1997-05-01",,"Ashford",,"1983-06-09"
"http://data.parliament.uk/resources/143543","County","2010-05-06",,"Ashford","Ashford Co Const","1997-05-01"
"http://data.parliament.uk/resources/146757","County",,"E14000536","Ashford","Ashford Co Const","2010-05-06"
"http://data.parliament.uk/resources/143544",,"1950-02-23",,"Ashton-under-Lyne",,"1918-12-14"
"http://data.parliament.uk/resources/143545",,"1974-02-28",,"Ashton-under-Lyne",,"1950-02-23"
"http://data.parliament.uk/resources/143546","Borough","1983-06-09",,"Ashton-under-Lyne",,"1974-02-28"
"http://data.parliament.uk/resources/143547","Borough","1997-05-01",,"Ashton-under-Lyne",,"1983-06-09"
"http://data.parliament.uk/resources/143548","Borough","2010-05-06",,"Ashton-under-Lyne","Ashton under Lyne Boro Const","1997-05-01"
"http://data.parliament.uk/resources/146758","Borough",,"E14000537","Ashton-under-Lyne","Ashton-under-Lyne Boro Const","2010-05-06"
"http://data.parliament.uk/resources/143549",,"1950-02-23",,"Aylesbury",,"1918-12-14"
"http://data.parliament.uk/resources/143550",,"1974-02-28",,"Aylesbury",,"1950-02-23"
"http://data.parliament.uk/resources/143551","County","1983-06-09",,"Aylesbury",,"1974-02-28"
"http://data.parliament.uk/resources/143552","County","1997-05-01",,"Aylesbury",,"1983-06-09"
"http://data.parliament.uk/resources/143553","County","2010-05-06",,"Aylesbury","Aylesbury Co Const","1997-05-01"
"http://data.parliament.uk/resources/146759","County",,"E14000538","Aylesbury","Aylesbury Co Const","2010-05-06"
"http://data.parliament.uk/resources/143554",,"1974-02-28",,"Ayr",,"1950-02-23"
"http://data.parliament.uk/resources/143555","County","1983-06-09",,"Ayr",,"1974-02-28"
"http://data.parliament.uk/resources/143556","County","1997-05-01",,"Ayr",,"1983-06-09"
"http://data.parliament.uk/resources/143557","County","2005-05-05",,"Ayr","Ayr Co Const","1997-05-01"
"http://data.parliament.uk/resources/143558",,"1950-02-23",,"Ayr District of Burghs",,"1918-12-14"
"http://data.parliament.uk/resources/143559","County",,"S14000006","Ayr, Carrick and Cumnock","Ayr, Carrick and Cumnock Co Const","2005-04-05"
"http://data.parliament.uk/resources/144074","County",,"S14000010","Central Ayrshire","Central Ayrshire Co Const","2005-04-05"
"http://data.parliament.uk/resources/145564","County",,"S14000048","North Ayrshire and Arran","North Ayrshire and Arran Co Const","2005-04-05"
"http://data.parliament.uk/resources/143560",,"1950-02-23",,"Ayrshire and Bute, Bute & Northern",,"1918-12-14"
"http://data.parliament.uk/resources/143561",,"1950-02-23",,"Balham & Tooting",,"1918-12-14"
"http://data.parliament.uk/resources/143562",,"1950-02-23",,"Banbury",,"1918-12-14"
"http://data.parliament.uk/resources/143563",,"1974-02-28",,"Banbury",,"1950-02-23"
"http://data.parliament.uk/resources/143564","County","1983-06-09",,"Banbury",,"1974-02-28"
"http://data.parliament.uk/resources/143565","County","1997-05-01",,"Banbury",,"1983-06-09"
"http://data.parliament.uk/resources/143566","County","2010-05-06",,"Banbury","Banbury Co Const","1997-05-01"
"http://data.parliament.uk/resources/146760","County",,"E14000539","Banbury","Banbury Co Const","2010-05-06"
"http://data.parliament.uk/resources/143567","County","1983-06-09",,"Banff",,"1974-02-28"
"http://data.parliament.uk/resources/143568","County","1997-05-01",,"Banff & Buchan",,"1983-06-09"
"http://data.parliament.uk/resources/143569","County","2005-05-05",,"Banff & Buchan","Banff and Buchan Co Const","1997-05-01"
"http://data.parliament.uk/resources/143570","County",,"S14000007","Banff and Buchan","Banff and Buchan Co Const","2005-04-05"
"http://data.parliament.uk/resources/143571",,"1950-02-23",,"Banffshire",,"1918-12-14"
"http://data.parliament.uk/resources/143572",,"1974-02-28",,"Banffshire",,"1950-02-23"
"http://data.parliament.uk/resources/143573",,"1950-02-23",,"Barking",,"1918-12-14"
"http://data.parliament.uk/resources/143574",,"1974-02-28",,"Barking",,"1950-02-23"
"http://data.parliament.uk/resources/143575","Borough","1983-06-09",,"Barking",,"1974-02-28"
"http://data.parliament.uk/resources/143576","Borough","1997-05-01",,"Barking",,"1983-06-09"
"http://data.parliament.uk/resources/143577","Borough","2010-05-06",,"Barking","Barking Boro Const","1997-05-01"
"http://data.parliament.uk/resources/146761","Borough",,"E14000540","Barking","Barking Boro Const","2010-05-06"
"http://data.parliament.uk/resources/143578",,"1950-02-23",,"Barkston Ash",,"1918-12-14"
"http://data.parliament.uk/resources/143579",,"1974-02-28",,"Barkston Ash",,"1950-02-23"
"http://data.parliament.uk/resources/143580","County","1983-06-09",,"Barkston Ash",,"1974-02-28"
"http://data.parliament.uk/resources/143581",,"1950-02-23",,"Barnard Castle",,"1918-12-14"
"http://data.parliament.uk/resources/143582",,"1950-02-23",,"Barnet",,"1918-12-14"
"http://data.parliament.uk/resources/143583",,"1974-02-28",,"Barnet",,"1950-02-23"
"http://data.parliament.uk/resources/143584",,"1950-02-23",,"Barnsley",,"1918-12-14"
"http://data.parliament.uk/resources/143585",,"1974-02-28",,"Barnsley",,"1950-02-23"
"http://data.parliament.uk/resources/143586","Borough","1983-06-09",,"Barnsley",,"1974-02-28"
"http://data.parliament.uk/resources/143587","Borough","1997-05-01",,"Barnsley Central",,"1983-06-09"
"http://data.parliament.uk/resources/143588","Borough","2010-05-06",,"Barnsley Central","Barnsley Central Boro Const","1997-05-01"
"http://data.parliament.uk/resources/146762","Borough",,"E14000541","Barnsley Central","Barnsley Central Boro Const","2010-05-06"
"http://data.parliament.uk/resources/143589","Borough","1997-05-01",,"Barnsley East",,"1983-06-09"
"http://data.parliament.uk/resources/146763","County",,"E14000542","Barnsley East","Barnsley East Co Const","2010-05-06"
"http://data.parliament.uk/resources/143590","County","2010-05-06",,"Barnsley East & Mexborough","Barnsley East and Mexborough Co Const","1997-05-01"
"http://data.parliament.uk/resources/143591","County","1997-05-01",,"Barnsley West & Penistone",,"1983-06-09"
"http://data.parliament.uk/resources/143592","County","2010-05-06",,"Barnsley West & Penistone","Barnsley West and Penistone Co Const","1997-05-01"
"http://data.parliament.uk/resources/143593",,"1950-02-23",,"Barnstaple",,"1918-12-14"
"http://data.parliament.uk/resources/143594",,"1974-02-28",,"Barons Court",,"1955-05-26"
"http://data.parliament.uk/resources/143595","County","1997-05-01",,"Barrow & Furness",,"1983-06-09"
"http://data.parliament.uk/resources/143596","County","2010-05-06",,"Barrow & Furness","Barrow and Furness Co Const","1997-05-01"
"http://data.parliament.uk/resources/146764","County",,"E14000543","Barrow and Furness","Barrow and Furness Co Const","2010-05-06"
"http://data.parliament.uk/resources/143597",,"1950-02-23",,"Barrow-in-Furness",,"1918-12-14"
"http://data.parliament.uk/resources/143598",,"1974-02-28",,"Barrow-in-Furness",,"1950-02-23"
"http://data.parliament.uk/resources/143599","Borough","1983-06-09",,"Barrow-in-Furness",,"1974-02-28"
"http://data.parliament.uk/resources/143600",,"1974-02-28",,"Barry",,"1950-02-23"
"http://data.parliament.uk/resources/143601","County","1983-06-09",,"Barry",,"1974-02-28"
"http://data.parliament.uk/resources/143602","Borough","1983-06-09",,"Basildon",,"1974-02-28"
"http://data.parliament.uk/resources/143603","Borough","1997-05-01",,"Basildon",,"1983-06-09"
"http://data.parliament.uk/resources/143604","Borough","2010-05-06",,"Basildon","Basildon Boro Const","1997-05-01"
"http://data.parliament.uk/resources/147197","County",,"E14000933","South Basildon and East Thurrock","South Basildon and East Thurrock Co Const","2010-05-06"
"http://data.parliament.uk/resources/146765","Borough",,"E14000544","Basildon and Billericay","Basildon and Billericay Boro Const","2010-05-06"
"http://data.parliament.uk/resources/143605",,"1950-02-23",,"Basingstoke",,"1918-12-14"
"http://data.parliament.uk/resources/143606",,"1974-02-28",,"Basingstoke",,"1950-02-23"
"http://data.parliament.uk/resources/143607","County","1983-06-09",,"Basingstoke",,"1974-02-28"
"http://data.parliament.uk/resources/143608","County","1997-05-01",,"Basingstoke",,"1983-06-09"
"http://data.parliament.uk/resources/143609","County","2010-05-06",,"Basingstoke","Basingstoke Co Const","1997-05-01"
"http://data.parliament.uk/resources/146766","Borough",,"E14000545","Basingstoke","Basingstoke Boro Const","2010-05-06"
"http://data.parliament.uk/resources/143610",,"1950-02-23",,"Bassetlaw",,"1918-12-14"
"http://data.parliament.uk/resources/143611",,"1974-02-28",,"Bassetlaw",,"1950-02-23"
"http://data.parliament.uk/resources/143612","County","1983-06-09",,"Bassetlaw",,"1974-02-28"
"http://data.parliament.uk/resources/143613","County","1997-05-01",,"Bassetlaw",,"1983-06-09"
"http://data.parliament.uk/resources/143614","County","2010-05-06",,"Bassetlaw","Bassetlaw Co Const","1997-05-01"
"http://data.parliament.uk/resources/146767","County",,"E14000546","Bassetlaw","Bassetlaw Co Const","2010-05-06"
"http://data.parliament.uk/resources/143615",,"1950-02-23",,"Bath",,"1918-12-14"
"http://data.parliament.uk/resources/143616",,"1974-02-28",,"Bath",,"1950-02-23"
"http://data.parliament.uk/resources/143617","Borough","1983-06-09",,"Bath",,"1974-02-28"
"http://data.parliament.uk/resources/143618","Borough","1997-05-01",,"Bath",,"1983-06-09"
"http://data.parliament.uk/resources/143619","County","2010-05-06",,"Bath","Bath Co Const","1997-05-01"
"http://data.parliament.uk/resources/146768","Borough",,"E14000547","Bath","Bath Boro Const","2010-05-06"
"http://data.parliament.uk/resources/143620",,"1950-02-23",,"Batley & Morley",,"1918-12-14"
"http://data.parliament.uk/resources/143621",,"1974-02-28",,"Batley & Morley",,"1950-02-23"
"http://data.parliament.uk/resources/143622","Borough","1983-06-09",,"Batley & Morley",,"1974-02-28"
"http://data.parliament.uk/resources/143623","Borough","1997-05-01",,"Batley & Spen",,"1983-06-09"
"http://data.parliament.uk/resources/143624","Borough","2010-05-06",,"Batley & Spen","Batley and Spen Boro Const","1997-05-01"
"http://data.parliament.uk/resources/146769","Borough",,"E14000548","Batley and Spen","Batley and Spen Boro Const","2010-05-06"
"http://data.parliament.uk/resources/143625","Borough","1997-05-01",,"Battersea",,"1983-06-09"
"http://data.parliament.uk/resources/143626","Borough","2010-05-06",,"Battersea","Battersea Boro Const","1997-05-01"
"http://data.parliament.uk/resources/146770","Borough",,"E14000549","Battersea","Battersea Boro Const","2010-05-06"
"http://data.parliament.uk/resources/143627",,"1950-02-23",,"Battersea North",,"1918-12-14"
"http://data.parliament.uk/resources/143628",,"1974-02-28",,"Battersea North",,"1950-02-23"
"http://data.parliament.uk/resources/143629","Borough","1983-06-09",,"Battersea North",,"1974-02-28"
"http://data.parliament.uk/resources/143630",,"1950-02-23",,"Battersea South",,"1918-12-14"
"http://data.parliament.uk/resources/143631",,"1974-02-28",,"Battersea South",,"1950-02-23"
"http://data.parliament.uk/resources/143632","Borough","1983-06-09",,"Battersea South",,"1974-02-28"
"http://data.parliament.uk/resources/143633","County","1983-06-09",,"Beaconsfield",,"1974-02-28"
"http://data.parliament.uk/resources/143634","County","1997-05-01",,"Beaconsfield",,"1983-06-09"
"http://data.parliament.uk/resources/143635","County","2010-05-06",,"Beaconsfield","Beaconsfield Co Const","1997-05-01"
"http://data.parliament.uk/resources/146771","County",,"E14000550","Beaconsfield","Beaconsfield Co Const","2010-05-06"
"http://data.parliament.uk/resources/143636",,"1974-02-28",,"Bebington",,"1950-02-23"
"http://data.parliament.uk/resources/143637","Borough","1983-06-09",,"Bebington & Ellesmere Port",,"1974-02-28"
"http://data.parliament.uk/resources/143638",,"1974-02-28",,"Beckenham",,"1950-02-23"
"http://data.parliament.uk/resources/143639","Borough","1983-06-09",,"Beckenham",,"1974-02-28"
"http://data.parliament.uk/resources/143640","Borough","1997-05-01",,"Beckenham",,"1983-06-09"
"http://data.parliament.uk/resources/143641","Borough","2010-05-06",,"Beckenham","Beckenham Boro Const","1997-05-01"
"http://data.parliament.uk/resources/146772","Borough",,"E14000551","Beckenham","Beckenham Boro Const","2010-05-06"
"http://data.parliament.uk/resources/143642",,"1950-02-23",,"Bedford",,"1918-12-14"
"http://data.parliament.uk/resources/143643",,"1974-02-28",,"Bedford",,"1950-02-23"
"http://data.parliament.uk/resources/143644","County","1983-06-09",,"Bedford",,"1974-02-28"
"http://data.parliament.uk/resources/143645","Borough","2010-05-06",,"Bedford","Bedford Boro Const","1997-05-01"
"http://data.parliament.uk/resources/146773","Borough",,"E14000552","Bedford","Bedford Boro Const","2010-05-06"
"http://data.parliament.uk/resources/147063","County",,"E14000813","Mid Bedfordshire","Mid Bedfordshire Co Const","2010-05-06"
"http://data.parliament.uk/resources/147100","County",,"E14000841","North East Bedfordshire","North East Bedfordshire Co Const","2010-05-06"
"http://data.parliament.uk/resources/147214","County",,"E14000949","South West Bedfordshire",,"2010-05-06"
"http://data.parliament.uk/resources/143646",,"1950-02-23",,"Bedwellty",,"1918-12-14"
"http://data.parliament.uk/resources/143647",,"1974-02-28",,"Bedwellty",,"1950-02-23"
"http://data.parliament.uk/resources/143648","County","1983-06-09",,"Bedwellty",,"1974-02-28"
"http://data.parliament.uk/resources/143649","County","1983-06-09",,"Beeston",,"1974-02-28"
"http://data.parliament.uk/resources/143650",,"1950-02-23",,"Belfast East",,"1918-12-14"
"http://data.parliament.uk/resources/143651",,"1974-02-28",,"Belfast East",,"1950-02-23"
"http://data.parliament.uk/resources/143652","Borough","1983-06-09",,"Belfast East",,"1974-02-28"
"http://data.parliament.uk/resources/143653","Borough","2010-05-06",,"Belfast East",,"1997-05-01"
"http://data.parliament.uk/resources/146774","Borough",,"N06000001","Belfast East",,"2010-05-06"
"http://data.parliament.uk/resources/143654",,"1950-02-23",,"Belfast North",,"1918-12-14"
"http://data.parliament.uk/resources/143655",,"1974-02-28",,"Belfast North",,"1950-02-23"
"http://data.parliament.uk/resources/143656","Borough","1983-06-09",,"Belfast North",,"1974-02-28"
"http://data.parliament.uk/resources/143657","Borough","2010-05-06",,"Belfast North",,"1997-05-01"
"http://data.parliament.uk/resources/146775","Borough",,"N06000002","Belfast North",,"2010-05-06"
"http://data.parliament.uk/resources/143658",,"1950-02-23",,"Belfast South",,"1918-12-14"
"http://data.parliament.uk/resources/143659",,"1974-02-28",,"Belfast South",,"1950-02-23"
"http://data.parliament.uk/resources/143660","Borough","1983-06-09",,"Belfast South",,"1974-02-28"
"http://data.parliament.uk/resources/143661","Borough","2010-05-06",,"Belfast South",,"1997-05-01"
"http://data.parliament.uk/resources/146776","Borough",,"N06000003","Belfast South",,"2010-05-06"
"http://data.parliament.uk/resources/143662",,"1950-02-23",,"Belfast West",,"1918-12-14"
"http://data.parliament.uk/resources/143663",,"1974-02-28",,"Belfast West",,"1950-02-23"
"http://data.parliament.uk/resources/143664","Borough","1983-06-09",,"Belfast West",,"1974-02-28"
"http://data.parliament.uk/resources/143665","Borough","1997-05-01",,"Belfast West",,"1983-06-09"
"http://data.parliament.uk/resources/143666","Borough","2010-05-06",,"Belfast West",,"1997-05-01"
"http://data.parliament.uk/resources/146777","Borough",,"N06000004","Belfast West",,"2010-05-06"
"http://data.parliament.uk/resources/143667",,"1950-02-23",,"Belper",,"1918-12-14"
"http://data.parliament.uk/resources/143668",,"1974-02-28",,"Belper",,"1950-02-23"
"http://data.parliament.uk/resources/143669","County","1983-06-09",,"Belper",,"1974-02-28"
"http://data.parliament.uk/resources/143670",,"1974-02-28",,"Bermondsey",,"1950-02-23"
"http://data.parliament.uk/resources/143671","Borough","1983-06-09",,"Bermondsey",,"1974-02-28"
"http://data.parliament.uk/resources/143672",,"1950-02-23",,"Bermondsey West",,"1918-12-14"
"http://data.parliament.uk/resources/146778","Borough",,"E14000553","Bermondsey and Old Southwark","Bermondsey and Old Southwark Boro Const","2010-05-06"
"http://data.parliament.uk/resources/143673","County","1983-06-09",,"Berwick & East Lothian",,"1974-02-28"
"http://data.parliament.uk/resources/143677",,"1950-02-23",,"Berwick-upon-Tweed",,"1918-12-14"
"http://data.parliament.uk/resources/143678",,"1974-02-28",,"Berwick-upon-Tweed",,"1950-02-23"
"http://data.parliament.uk/resources/143679","County","1983-06-09",,"Berwick-upon-Tweed",,"1974-02-28"
"http://data.parliament.uk/resources/143680","County","1997-05-01",,"Berwick-upon-Tweed",,"1983-06-09"
"http://data.parliament.uk/resources/143681","County","2010-05-06",,"Berwick-upon-Tweed","Berwick-upon-Tweed Co Const","1997-05-01"
"http://data.parliament.uk/resources/146779","County",,"E14000554","Berwick-upon-Tweed","Berwick-upon-Tweed Co Const","2010-05-06"
"http://data.parliament.uk/resources/143674",,"1974-02-28",,"Berwickshire & East Lothian",,"1950-02-23"
"http://data.parliament.uk/resources/143675",,"1950-02-23",,"Berwickshire & Haddingtonshire",,"1918-12-14"
"http://data.parliament.uk/resources/143676","County",,"S14000008","Berwickshire, Roxburgh and Selkirk","Berwickshire, Roxburgh and Selkirk Co Const","2005-04-05"
"http://data.parliament.uk/resources/143682",,"1974-02-28",,"Bethnal Green",,"1950-02-23"
"http://data.parliament.uk/resources/143683","Borough","1983-06-09",,"Bethnal Green & Bow",,"1974-02-28"
"http://data.parliament.uk/resources/143684","Borough","2010-05-06",,"Bethnal Green & Bow","Bethnal Green and Bow Boro Const","1997-05-01"
"http://data.parliament.uk/resources/143685","Borough","1997-05-01",,"Bethnal Green & Stepney",,"1983-06-09"
"http://data.parliament.uk/resources/143686",,"1950-02-23",,"Bethnal Green North East",,"1918-12-14"
"http://data.parliament.uk/resources/143687",,"1950-02-23",,"Bethnal Green South West",,"1918-12-14"
"http://data.parliament.uk/resources/146780","Borough",,"E14000555","Bethnal Green and Bow","Bethnal Green and Bow Boro Const","2010-05-06"
"http://data.parliament.uk/resources/143688",,"1955-05-26",,"Beverley",,"1950-02-23"
"http://data.parliament.uk/resources/143689","County","1997-05-01",,"Beverley",,"1983-06-09"
"http://data.parliament.uk/resources/143690","County","2010-05-06",,"Beverley & Holderness","Beverley and Holderness Co Const","1997-05-01"
"http://data.parliament.uk/resources/146781","County",,"E14000556","Beverley and Holderness","Beverley and Holderness Co Const","2010-05-06"
"http://data.parliament.uk/resources/143691",,"1950-02-23",,"Bewdley",,"1918-12-14"
"http://data.parliament.uk/resources/143692","County","1997-05-01",,"Bexhill & Battle",,"1983-06-09"
"http://data.parliament.uk/resources/143693","County","2010-05-06",,"Bexhill & Battle","Bexhill and Battle Co Const","1997-05-01"
"http://data.parliament.uk/resources/146782","County",,"E14000557","Bexhill and Battle","Bexhill and Battle Co Const","2010-05-06"
"http://data.parliament.uk/resources/143694",,"1950-02-23",,"Bexley",,"1918-12-14"
"http://data.parliament.uk/resources/143695",,"1974-02-28",,"Bexley",,"1950-02-23"
"http://data.parliament.uk/resources/143696","Borough","1983-06-09",,"Bexley, Erith & Crayford",,"1974-02-28"
"http://data.parliament.uk/resources/143697","Borough","1983-06-09",,"Bexleyheath",,"1974-02-28"
"http://data.parliament.uk/resources/143698","Borough","1997-05-01",,"Bexleyheath",,"1983-06-09"
"http://data.parliament.uk/resources/143699","Borough","2010-05-06",,"Bexleyheath & Crayford","Bexleyheath and Crayford Boro Const","1997-05-01"
"http://data.parliament.uk/resources/146783","Borough",,"E14000558","Bexleyheath and Crayford","Bexleyheath and Crayford Boro Const","2010-05-06"
"http://data.parliament.uk/resources/143700",,"1974-02-28",,"Billericay",,"1950-02-23"
"http://data.parliament.uk/resources/143701","County","1997-05-01",,"Billericay",,"1983-06-09"
"http://data.parliament.uk/resources/143702","County","2010-05-06",,"Billericay","Billericay Co Const","1997-05-01"
"http://data.parliament.uk/resources/143703",,"1950-02-23",,"Bilston",,"1918-12-14"
"http://data.parliament.uk/resources/143704",,"1974-02-28",,"Bilston",,"1950-02-23"
"http://data.parliament.uk/resources/143705",,"1974-02-28",,"Birkenhead",,"1950-02-23"
"http://data.parliament.uk/resources/143706","Borough","1983-06-09",,"Birkenhead",,"1974-02-28"
"http://data.parliament.uk/resources/143707","Borough","1997-05-01",,"Birkenhead",,"1983-06-09"
"http://data.parliament.uk/resources/143708","Borough","2010-05-06",,"Birkenhead","Birkenhead Boro Const","1997-05-01"
"http://data.parliament.uk/resources/146784","Borough",,"E14000559","Birkenhead","Birkenhead Boro Const","2010-05-06"
"http://data.parliament.uk/resources/143709",,"1950-02-23",,"Birkenhead East",,"1918-12-14"
"http://data.parliament.uk/resources/143710",,"1950-02-23",,"Birkenhead West",,"1918-12-14"
"http://data.parliament.uk/resources/143711",,"1950-02-23",,"Birmingham West",,"1918-12-14"
"http://data.parliament.uk/resources/143712",,"1950-02-23",,"Birmingham, Acock's Green",,"1918-12-14"
"http://data.parliament.uk/resources/143713",,"1974-02-28",,"Birmingham, All Saints",,"1955-05-26"
"http://data.parliament.uk/resources/143714",,"1950-02-23",,"Birmingham, Aston",,"1918-12-14"
"http://data.parliament.uk/resources/143715",,"1974-02-28",,"Birmingham, Aston",,"1950-02-23"
"http://data.parliament.uk/resources/143716",,"1950-02-23",,"Birmingham, Deritend",,"1918-12-14"
"http://data.parliament.uk/resources/143717",,"1950-02-23",,"Birmingham, Duddeston",,"1918-12-14"
"http://data.parliament.uk/resources/143718",,"1950-02-23",,"Birmingham, Edgbaston",,"1918-12-14"
"http://data.parliament.uk/resources/143719",,"1974-02-28",,"Birmingham, Edgbaston",,"1950-02-23"
"http://data.parliament.uk/resources/143720","Borough","1983-06-09",,"Birmingham, Edgbaston",,"1974-02-28"
"http://data.parliament.uk/resources/143721","Borough","1997-05-01",,"Birmingham, Edgbaston",,"1983-06-09"
"http://data.parliament.uk/resources/143722","Borough","2010-05-06",,"Birmingham, Edgbaston","Birmingham, Edgbaston Boro Const","1997-05-01"
"http://data.parliament.uk/resources/146785","Borough",,"E14000560","Birmingham, Edgbaston","Birmingham, Edgbaston Boro Const","2010-05-06"
"http://data.parliament.uk/resources/143723",,"1950-02-23",,"Birmingham, Erdington",,"1918-12-14"
"http://data.parliament.uk/resources/143724",,"1955-05-26",,"Birmingham, Erdington",,"1950-02-23"
"http://data.parliament.uk/resources/143725","Borough","1983-06-09",,"Birmingham, Erdington",,"1974-02-28"
"http://data.parliament.uk/resources/143726","Borough","1997-05-01",,"Birmingham, Erdington",,"1983-06-09"
"http://data.parliament.uk/resources/143727","Borough","2010-05-06",,"Birmingham, Erdington","Birmingham, Erdington Boro Const","1997-05-01"
"http://data.parliament.uk/resources/146786","Borough",,"E14000561","Birmingham, Erdington","Birmingham, Erdington Boro Const","2010-05-06"
"http://data.parliament.uk/resources/143728",,"1974-02-28",,"Birmingham, Hall Green",,"1950-02-23"
"http://data.parliament.uk/resources/143729","Borough","1983-06-09",,"Birmingham, Hall Green",,"1974-02-28"
"http://data.parliament.uk/resources/143730","Borough","1997-05-01",,"Birmingham, Hall Green",,"1983-06-09"
"http://data.parliament.uk/resources/143731","Borough","2010-05-06",,"Birmingham, Hall Green","Birmingham, Hall Green Boro Const","1997-05-01"
"http://data.parliament.uk/resources/146787","Borough",,"E14000562","Birmingham, Hall Green","Birmingham, Hall Green Boro Const","2010-05-06"
"http://data.parliament.uk/resources/143732",,"1950-02-23",,"Birmingham, Handsworth",,"1918-12-14"
"http://data.parliament.uk/resources/143733",,"1974-02-28",,"Birmingham, Handsworth",,"1950-02-23"
"http://data.parliament.uk/resources/143734","Borough","1983-06-09",,"Birmingham, Handsworth",,"1974-02-28"
"http://data.parliament.uk/resources/143735","Borough","1997-05-01",,"Birmingham, Hodge Hill",,"1983-06-09"
"http://data.parliament.uk/resources/143736","Borough","2010-05-06",,"Birmingham, Hodge Hill","Birmingham, Hodge Hill Boro Const","1997-05-01"
"http://data.parliament.uk/resources/146788","Borough",,"E14000563","Birmingham, Hodge Hill","Birmingham, Hodge Hill Boro Const","2010-05-06"
"http://data.parliament.uk/resources/143737",,"1950-02-23",,"Birmingham, King's Norton",,"1918-12-14"
"http://data.parliament.uk/resources/143738",,"1955-05-26",,"Birmingham, King's Norton",,"1950-02-23"
"http://data.parliament.uk/resources/143739",,"1950-02-23",,"Birmingham, Ladywood",,"1918-12-14"
"http://data.parliament.uk/resources/143740",,"1974-02-28",,"Birmingham, Ladywood",,"1950-02-23"
"http://data.parliament.uk/resources/143741","Borough","1983-06-09",,"Birmingham, Ladywood",,"1974-02-28"
"http://data.parliament.uk/resources/143742","Borough","1997-05-01",,"Birmingham, Ladywood",,"1983-06-09"
"http://data.parliament.uk/resources/143743","Borough","2010-05-06",,"Birmingham, Ladywood","Birmingham, Ladywood Boro Const","1997-05-01"
"http://data.parliament.uk/resources/146789","Borough",,"E14000564","Birmingham, Ladywood","Birmingham, Ladywood Boro Const","2010-05-06"
"http://data.parliament.uk/resources/143744",,"1950-02-23",,"Birmingham, Moseley",,"1918-12-14"
"http://data.parliament.uk/resources/143745",,"1974-02-28",,"Birmingham, Northfield",,"1950-02-23"
"http://data.parliament.uk/resources/143746","Borough","1983-06-09",,"Birmingham, Northfield",,"1974-02-28"
"http://data.parliament.uk/resources/143747","Borough","1997-05-01",,"Birmingham, Northfield",,"1983-06-09"
"http://data.parliament.uk/resources/143748","Borough","2010-05-06",,"Birmingham, Northfield","Birmingham, Northfield Boro Const","1997-05-01"
"http://data.parliament.uk/resources/146790","Borough",,"E14000565","Birmingham, Northfield","Birmingham, Northfield Boro Const","2010-05-06"
"http://data.parliament.uk/resources/143749",,"1974-02-28",,"Birmingham, Perry Barr",,"1950-02-23"
"http://data.parliament.uk/resources/143750","Borough","1983-06-09",,"Birmingham, Perry Barr",,"1974-02-28"
"http://data.parliament.uk/resources/143751","Borough","1997-05-01",,"Birmingham, Perry Barr",,"1983-06-09"
"http://data.parliament.uk/resources/143752","Borough","2010-05-06",,"Birmingham, Perry Barr","Birmingham, Perry Barr Boro Const","1997-05-01"
"http://data.parliament.uk/resources/146791","Borough",,"E14000566","Birmingham, Perry Barr","Birmingham, Perry Barr Boro Const","2010-05-06"
"http://data.parliament.uk/resources/143753",,"1974-02-28",,"Birmingham, Selly Oak",,"1955-05-26"
"http://data.parliament.uk/resources/143754","Borough","1983-06-09",,"Birmingham, Selly Oak",,"1974-02-28"
"http://data.parliament.uk/resources/143755","Borough","1997-05-01",,"Birmingham, Selly Oak",,"1983-06-09"
"http://data.parliament.uk/resources/143756","Borough","2010-05-06",,"Birmingham, Selly Oak","Birmingham, Selly Oak Boro Const","1997-05-01"
"http://data.parliament.uk/resources/146792","Borough",,"E14000567","Birmingham, Selly Oak","Birmingham, Selly Oak Boro Const","2010-05-06"
"http://data.parliament.uk/resources/143757",,"1974-02-28",,"Birmingham, Small Heath",,"1950-02-23"
"http://data.parliament.uk/resources/143758","Borough","1983-06-09",,"Birmingham, Small Heath",,"1974-02-28"
"http://data.parliament.uk/resources/143759","Borough","1997-05-01",,"Birmingham, Small Heath",,"1983-06-09"
"http://data.parliament.uk/resources/143760",,"1950-02-23",,"Birmingham, Sparkbrook",,"1918-12-14"
"http://data.parliament.uk/resources/143761",,"1974-02-28",,"Birmingham, Sparkbrook",,"1950-02-23"
"http://data.parliament.uk/resources/143762","Borough","1983-06-09",,"Birmingham, Sparkbrook",,"1974-02-28"
"http://data.parliament.uk/resources/143763","Borough","1997-05-01",,"Birmingham, Sparkbrook",,"1983-06-09"
"http://data.parliament.uk/resources/143764","Borough","2010-05-06",,"Birmingham, Sparkbrook & Small Heath","Birmingham, Sparkbrook and Small Heath Boro Const","1997-05-01"
"http://data.parliament.uk/resources/143765",,"1974-02-28",,"Birmingham, Stechford",,"1950-02-23"
"http://data.parliament.uk/resources/143766","Borough","1983-06-09",,"Birmingham, Stechford",,"1974-02-28"
"http://data.parliament.uk/resources/143767",,"1950-02-23",,"Birmingham, Yardley",,"1918-12-14"
"http://data.parliament.uk/resources/143768",,"1974-02-28",,"Birmingham, Yardley",,"1950-02-23"
"http://data.parliament.uk/resources/143769","Borough","1983-06-09",,"Birmingham, Yardley",,"1974-02-28"
"http://data.parliament.uk/resources/143770","Borough","1997-05-01",,"Birmingham, Yardley",,"1983-06-09"
"http://data.parliament.uk/resources/143771","Borough","2010-05-06",,"Birmingham, Yardley","Birmingham, Yardley Boro Const","1997-05-01"
"http://data.parliament.uk/resources/146793","Borough",,"E14000568","Birmingham, Yardley","Birmingham, Yardley Boro Const","2010-05-06"
"http://data.parliament.uk/resources/143772",,"1950-02-23",,"Bishop Auckland",,"1918-12-14"
"http://data.parliament.uk/resources/143773",,"1974-02-28",,"Bishop Auckland",,"1950-02-23"
"http://data.parliament.uk/resources/143774","County","1983-06-09",,"Bishop Auckland",,"1974-02-28"
"http://data.parliament.uk/resources/143775","County","1997-05-01",,"Bishop Auckland",,"1983-06-09"
"http://data.parliament.uk/resources/143776","County","2010-05-06",,"Bishop Auckland","Bishop Auckland Co Const","1997-05-01"
"http://data.parliament.uk/resources/146794","County",,"E14000569","Bishop Auckland","Bishop Auckland Co Const","2010-05-06"
"http://data.parliament.uk/resources/143777","County","1983-06-09",,"Blaby",,"1974-02-28"
"http://data.parliament.uk/resources/143778","County","1997-05-01",,"Blaby",,"1983-06-09"
"http://data.parliament.uk/resources/143779","County","2010-05-06",,"Blaby","Blaby Co Const","1997-05-01"
"http://data.parliament.uk/resources/143780",,"1950-02-23",,"Blackburn",,"1918-12-14"
"http://data.parliament.uk/resources/143781",,"1974-02-28",,"Blackburn",,"1955-05-26"
"http://data.parliament.uk/resources/143782","Borough","1983-06-09",,"Blackburn",,"1974-02-28"
"http://data.parliament.uk/resources/143783","Borough","1997-05-01",,"Blackburn",,"1983-06-09"
"http://data.parliament.uk/resources/143784","Borough","2010-05-06",,"Blackburn","Blackburn Boro Const","1997-05-01"
"http://data.parliament.uk/resources/146795","Borough",,"E14000570","Blackburn","Blackburn Boro Const","2010-05-06"
"http://data.parliament.uk/resources/143785",,"1955-05-26",,"Blackburn East",,"1950-02-23"
"http://data.parliament.uk/resources/143786",,"1955-05-26",,"Blackburn West",,"1950-02-23"
"http://data.parliament.uk/resources/146796","Borough",,"E14000571","Blackley and Broughton","Blackley and Broughton Boro Const","2010-05-06"
"http://data.parliament.uk/resources/143787",,"1950-02-23",,"Blackpool North",,"1918-12-14"
"http://data.parliament.uk/resources/143788",,"1974-02-28",,"Blackpool North",,"1950-02-23"
"http://data.parliament.uk/resources/143789","Borough","1983-06-09",,"Blackpool North",,"1974-02-28"
"http://data.parliament.uk/resources/143790","Borough","1997-05-01",,"Blackpool North",,"1983-06-09"
"http://data.parliament.uk/resources/143791","Borough","2010-05-06",,"Blackpool North & Fleetwood","Blackpool North and Fleetwood Boro Const","1997-05-01"
"http://data.parliament.uk/resources/146797","Borough",,"E14000572","Blackpool North and Cleveleys","Blackpool North and Cleveleys Boro Const","2010-05-06"
"http://data.parliament.uk/resources/143792",,"1950-02-23",,"Blackpool South",,"1918-12-14"
"http://data.parliament.uk/resources/143793",,"1974-02-28",,"Blackpool South",,"1950-02-23"
"http://data.parliament.uk/resources/143794","Borough","1983-06-09",,"Blackpool South",,"1974-02-28"
"http://data.parliament.uk/resources/143795","Borough","1997-05-01",,"Blackpool South",,"1983-06-09"
"http://data.parliament.uk/resources/143796","Borough","2010-05-06",,"Blackpool South","Blackpool South Boro Const","1997-05-01"
"http://data.parliament.uk/resources/146798","Borough",,"E14000573","Blackpool South","Blackpool South Boro Const","2010-05-06"
"http://data.parliament.uk/resources/143797","County","1997-05-01",,"Blaenau Gwent",,"1983-06-09"
"http://data.parliament.uk/resources/143798","County","2010-05-06",,"Blaenau Gwent","Blaenau Gwent Co Const","1997-05-01"
"http://data.parliament.uk/resources/146799","County",,"W07000072","Blaenau Gwent",,"2010-05-06"
"http://data.parliament.uk/resources/143799",,"1950-02-23",,"Blaydon",,"1918-12-14"
"http://data.parliament.uk/resources/143800",,"1974-02-28",,"Blaydon",,"1950-02-23"
"http://data.parliament.uk/resources/143801","Borough","1983-06-09",,"Blaydon",,"1974-02-28"
"http://data.parliament.uk/resources/143802","Borough","1997-05-01",,"Blaydon",,"1983-06-09"
"http://data.parliament.uk/resources/143803","Borough","2010-05-06",,"Blaydon","Blaydon Boro Const","1997-05-01"
"http://data.parliament.uk/resources/146800","Borough",,"E14000574","Blaydon","Blaydon Boro Const","2010-05-06"
"http://data.parliament.uk/resources/143804",,"1974-02-28",,"Blyth",,"1950-02-23"
"http://data.parliament.uk/resources/143805","Borough","1983-06-09",,"Blyth",,"1974-02-28"
"http://data.parliament.uk/resources/143806","Borough","1997-05-01",,"Blyth Valley",,"1983-06-09"
"http://data.parliament.uk/resources/143807","Borough","2010-05-06",,"Blyth Valley","Blyth Valley Boro Const","1997-05-01"
"http://data.parliament.uk/resources/146801","Borough",,"E14000575","Blyth Valley",,"2010-05-06"
"http://data.parliament.uk/resources/143808",,"1950-02-23",,"Bodmin",,"1918-12-14"
"http://data.parliament.uk/resources/143809",,"1974-02-28",,"Bodmin",,"1950-02-23"
"http://data.parliament.uk/resources/143810","County","1983-06-09",,"Bodmin",,"1974-02-28"
"http://data.parliament.uk/resources/143811","County","2010-05-06",,"Bognor Regis & Littlehampton","Bognor Regis and Littlehampton Co Const","1997-05-01"
"http://data.parliament.uk/resources/146802","County",,"E14000576","Bognor Regis and Littlehampton","Bognor Regis and Littlehampton Co Const","2010-05-06"
"http://data.parliament.uk/resources/143812",,"1974-02-28",,"Bolsover",,"1950-02-23"
"http://data.parliament.uk/resources/143813","County","1983-06-09",,"Bolsover",,"1974-02-28"
"http://data.parliament.uk/resources/143814","County","1997-05-01",,"Bolsover",,"1983-06-09"
"http://data.parliament.uk/resources/143815","County","2010-05-06",,"Bolsover","Bolsover Co Const","1997-05-01"
"http://data.parliament.uk/resources/146803","County",,"E14000577","Bolsover","Bolsover Co Const","2010-05-06"
"http://data.parliament.uk/resources/143816",,"1950-02-23",,"Bolton",,"1918-12-14"
"http://data.parliament.uk/resources/143817",,"1974-02-28",,"Bolton East",,"1950-02-23"
"http://data.parliament.uk/resources/143818","Borough","1983-06-09",,"Bolton East",,"1974-02-28"
"http://data.parliament.uk/resources/143819","Borough","1997-05-01",,"Bolton North East",,"1983-06-09"
"http://data.parliament.uk/resources/143820","Borough","2010-05-06",,"Bolton North East","Bolton North East Boro Const","1997-05-01"
"http://data.parliament.uk/resources/146804","Borough",,"E14000578","Bolton North East","Bolton North East Boro Const","2010-05-06"
"http://data.parliament.uk/resources/143821","Borough","1997-05-01",,"Bolton South East",,"1983-06-09"
"http://data.parliament.uk/resources/143822","Borough","2010-05-06",,"Bolton South East","Bolton South East Boro Const","1997-05-01"
"http://data.parliament.uk/resources/146805","Borough",,"E14000579","Bolton South East","Bolton South East Boro Const","2010-05-06"
"http://data.parliament.uk/resources/143823",,"1974-02-28",,"Bolton West",,"1950-02-23"
"http://data.parliament.uk/resources/143824","Borough","1983-06-09",,"Bolton West",,"1974-02-28"
"http://data.parliament.uk/resources/143825","County","1997-05-01",,"Bolton West",,"1983-06-09"
"http://data.parliament.uk/resources/143826","County","2010-05-06",,"Bolton West","Bolton West Co Const","1997-05-01"
"http://data.parliament.uk/resources/146806","County",,"E14000580","Bolton West","Bolton West Co Const","2010-05-06"
"http://data.parliament.uk/resources/143827","County","1997-05-01",,"Boothferry",,"1983-06-09"
"http://data.parliament.uk/resources/143828",,"1950-02-23",,"Bootle",,"1918-12-14"
"http://data.parliament.uk/resources/143829",,"1974-02-28",,"Bootle",,"1950-02-23"
"http://data.parliament.uk/resources/143830","Borough","1983-06-09",,"Bootle",,"1974-02-28"
"http://data.parliament.uk/resources/143831","Borough","1997-05-01",,"Bootle",,"1983-06-09"
"http://data.parliament.uk/resources/143832","Borough","2010-05-06",,"Bootle","Bootle Boro Const","1997-05-01"
"http://data.parliament.uk/resources/146807","Borough",,"E14000581","Bootle","Bootle Boro Const","2010-05-06"
"http://data.parliament.uk/resources/143833","County","2010-05-06",,"Boston & Skegness","Boston and Skegness Co Const","1997-05-01"
"http://data.parliament.uk/resources/146808","County",,"E14000582","Boston and Skegness","Boston and Skegness Co Const","2010-05-06"
"http://data.parliament.uk/resources/143834",,"1950-02-23",,"Bosworth",,"1918-12-14"
"http://data.parliament.uk/resources/143835",,"1974-02-28",,"Bosworth",,"1950-02-23"
"http://data.parliament.uk/resources/143836","County","1983-06-09",,"Bosworth",,"1974-02-28"
"http://data.parliament.uk/resources/143837","County","1997-05-01",,"Bosworth",,"1983-06-09"
"http://data.parliament.uk/resources/143838","County","2010-05-06",,"Bosworth","Bosworth Co Const","1997-05-01"
"http://data.parliament.uk/resources/146809","County",,"E14000583","Bosworth","Bosworth Co Const","2010-05-06"
"http://data.parliament.uk/resources/143839",,"1950-02-23",,"Bothwell",,"1918-12-14"
"http://data.parliament.uk/resources/143840",,"1974-02-28",,"Bothwell",,"1950-02-23"
"http://data.parliament.uk/resources/143841","County","1983-06-09",,"Bothwell",,"1974-02-28"
"http://data.parliament.uk/resources/143842",,"1950-02-23",,"Bournemouth",,"1918-12-14"
"http://data.parliament.uk/resources/143843","Borough","1983-06-09",,"Bournemouth East",,"1974-02-28"
"http://data.parliament.uk/resources/143844","Borough","1997-05-01",,"Bournemouth East",,"1983-06-09"
"http://data.parliament.uk/resources/143845","Borough","2010-05-06",,"Bournemouth East","Bournemouth East Boro Const","1997-05-01"
"http://data.parliament.uk/resources/146810","Borough",,"E14000584","Bournemouth East","Bournemouth East Boro Const","2010-05-06"
"http://data.parliament.uk/resources/143846",,"1974-02-28",,"Bournemouth East & Christchurch",,"1950-02-23"
"http://data.parliament.uk/resources/143847",,"1974-02-28",,"Bournemouth West",,"1950-02-23"
"http://data.parliament.uk/resources/143848","Borough","1983-06-09",,"Bournemouth West",,"1974-02-28"
"http://data.parliament.uk/resources/143849","Borough","1997-05-01",,"Bournemouth West",,"1983-06-09"
"http://data.parliament.uk/resources/143850","Borough","2010-05-06",,"Bournemouth West","Bournemouth West Boro Const","1997-05-01"
"http://data.parliament.uk/resources/146811","Borough",,"E14000585","Bournemouth West","Bournemouth West Boro Const","2010-05-06"
"http://data.parliament.uk/resources/143851",,"1950-02-23",,"Bow & Bromley",,"1918-12-14"
"http://data.parliament.uk/resources/143852","Borough","1997-05-01",,"Bow & Poplar",,"1983-06-09"
"http://data.parliament.uk/resources/143853","County","2010-05-06",,"Bracknell","Bracknell Co Const","1997-05-01"
"http://data.parliament.uk/resources/146812","County",,"E14000586","Bracknell","Bracknell Co Const","2010-05-06"
"http://data.parliament.uk/resources/143854",,"1950-02-23",,"Bradford Central",,"1918-12-14"
"http://data.parliament.uk/resources/143855",,"1955-05-26",,"Bradford Central",,"1950-02-23"
"http://data.parliament.uk/resources/143856",,"1950-02-23",,"Bradford East",,"1918-12-14"
"http://data.parliament.uk/resources/143857",,"1974-02-28",,"Bradford East",,"1950-02-23"
"http://data.parliament.uk/resources/146813","Borough",,"E14000587","Bradford East","Bradford East Boro Const","2010-05-06"
"http://data.parliament.uk/resources/143858",,"1950-02-23",,"Bradford North",,"1918-12-14"
"http://data.parliament.uk/resources/143859",,"1974-02-28",,"Bradford North",,"1950-02-23"
"http://data.parliament.uk/resources/143860","Borough","1983-06-09",,"Bradford North",,"1974-02-28"
"http://data.parliament.uk/resources/143861","Borough","1997-05-01",,"Bradford North",,"1983-06-09"
"http://data.parliament.uk/resources/143862","Borough","2010-05-06",,"Bradford North","Bradford North Boro Const","1997-05-01"
"http://data.parliament.uk/resources/143863",,"1950-02-23",,"Bradford South",,"1918-12-14"
"http://data.parliament.uk/resources/143864",,"1974-02-28",,"Bradford South",,"1950-02-23"
"http://data.parliament.uk/resources/143865","Borough","1983-06-09",,"Bradford South",,"1974-02-28"
"http://data.parliament.uk/resources/143866","Borough","1997-05-01",,"Bradford South",,"1983-06-09"
"http://data.parliament.uk/resources/143867","Borough","2010-05-06",,"Bradford South","Bradford South Boro Const","1997-05-01"
"http://data.parliament.uk/resources/146814","Borough",,"E14000588","Bradford South","Bradford South Boro Const","2010-05-06"
"http://data.parliament.uk/resources/143868",,"1950-02-23",,"Bradford West",,"1918-12-14"
"http://data.parliament.uk/resources/143869",,"1974-02-28",,"Bradford West",,"1955-05-26"
"http://data.parliament.uk/resources/143870","Borough","1983-06-09",,"Bradford West",,"1974-02-28"
"http://data.parliament.uk/resources/143871","Borough","1997-05-01",,"Bradford West",,"1983-06-09"
"http://data.parliament.uk/resources/143872","Borough","2010-05-06",,"Bradford West","Bradford West Boro Const","1997-05-01"
"http://data.parliament.uk/resources/146815","Borough",,"E14000589","Bradford West","Bradford West Boro Const","2010-05-06"
"http://data.parliament.uk/resources/143873","County","1983-06-09",,"Braintree",,"1974-02-28"
"http://data.parliament.uk/resources/143874","County","1997-05-01",,"Braintree",,"1983-06-09"
"http://data.parliament.uk/resources/143875","County","2010-05-06",,"Braintree","Braintree Co Const","1997-05-01"
"http://data.parliament.uk/resources/146816","County",,"E14000590","Braintree","Braintree Co Const","2010-05-06"
"http://data.parliament.uk/resources/143876","County","1983-06-09",,"Brecon & Radnor",,"1974-02-28"
"http://data.parliament.uk/resources/143877","County","1997-05-01",,"Brecon & Radnor",,"1983-06-09"
"http://data.parliament.uk/resources/143878","County","2010-05-06",,"Brecon & Radnorshire","Brecon and Radnorshire Co Const","1997-05-01"
"http://data.parliament.uk/resources/146817","County",,"W07000068","Brecon and Radnorshire",,"2010-05-06"
"http://data.parliament.uk/resources/143879",,"1974-02-28",,"Breconshire & Radnorshire",,"1950-02-23"
