"uri","bill type","date","home page","home page > uri","label","session > display name","sponsors > sponsor printed","title"
"http://data.parliament.uk/resources/392321","HoL Private","2007-11-02","pipedmusicetchospitalshl.html","http://services.parliament.uk/bills/pipedmusicetchospitalshl.html","Piped Music etc (Hospitals) [HL]","2006-2007","Lord Beaumont of Whitley","Piped Music etc (Hospitals) [HL]"
"http://data.parliament.uk/resources/392345","Ten Minute Rule","2007-11-02","grandparentsrightsofaccess.html","http://services.parliament.uk/bills/grandparentsrightsofaccess.html","Grandparents (Rights of Access)","2006-2007","Mr Ian Cawsey","Grandparents (Rights of Access)"
"http://data.parliament.uk/resources/392205","Presentation","2007-11-01","agerelatedmaculardegeneration.html","http://services.parliament.uk/bills/agerelatedmaculardegeneration.html","Age-Related Macular Degeneration","2006-2007","Mrs Linda Riordan","Age-Related Macular Degeneration"
"http://data.parliament.uk/resources/392228","Ballot","2007-11-01","landusegardensprotectionetc.html","http://services.parliament.uk/bills/landusegardensprotectionetc.html","Land Use (Gardens Protection Etc)","2006-2007","Mrs Caroline Spelman","Land Use (Gardens Protection Etc)"
"http://data.parliament.uk/resources/392236","Presentation","2007-11-01","retailpackagingrecycling.html","http://services.parliament.uk/bills/retailpackagingrecycling.html","Retail Packaging (Recycling)","2006-2007","Andrew Stunell","Retail Packaging (Recycling)"
"http://data.parliament.uk/resources/392243","Ten Minute Rule","2007-11-01","nationalinstituteforhealthandclinicalexcellenceimpactoncarers.html","http://services.parliament.uk/bills/nationalinstituteforhealthandclinicalexcellenceimpactoncarers.html","National Institute for Health and Clinical Excellence (Impact on Carers)","2006-2007","Greg Clark","National Institute for Health and Clinical Excellence (Impact on Carers)"
"http://data.parliament.uk/resources/392276","Presentation","2007-11-01","telecommunicationsmastsplanningcontrol.html","http://services.parliament.uk/bills/telecommunicationsmastsplanningcontrol.html","Telecommunications Masts (Planning Control)","2006-2007","Andrew Stunell","Telecommunications Masts (Planning Control)"
"http://data.parliament.uk/resources/392279","Ballot","2007-11-01","temporaryandagencyworkerspreventionoflessfavourabletreatment.html","http://services.parliament.uk/bills/temporaryandagencyworkerspreventionoflessfavourabletreatment.html","Temporary and Agency Workers (Prevention of Less Favourable Treatment)","2006-2007","Paul Farrelly","Temporary and Agency Workers (Prevention of Less Favourable Treatment)"
"http://data.parliament.uk/resources/392280","Presentation","2007-11-01","terminationofpregnancy.html","http://services.parliament.uk/bills/terminationofpregnancy.html","Termination of Pregnancy","2006-2007","Mrs Nadine Dorries","Termination of Pregnancy"
"http://data.parliament.uk/resources/392284","Ballot","2007-11-01","tradeunionrightsandfreedoms.html","http://services.parliament.uk/bills/tradeunionrightsandfreedoms.html","Trade Union Rights and Freedoms","2006-2007","John McDonnell","Trade Union Rights and Freedoms"
"http://data.parliament.uk/resources/392318","Ballot","2007-11-01","cysticfibrosisexemptionfromprescriptioncharges.html","http://services.parliament.uk/bills/cysticfibrosisexemptionfromprescriptioncharges.html","Cystic Fibrosis (Exemption from Prescription Charges)","2006-2007","Mr John Hayes","Cystic Fibrosis (Exemption from Prescription Charges)"
"http://data.parliament.uk/resources/392325","Ballot","2007-11-01","post16educationandtraining.html","http://services.parliament.uk/bills/post16educationandtraining.html","Post-16 Education and Training","2006-2007","Mr Barry Sheerman","Post-16 Education and Training"
"http://data.parliament.uk/resources/392331","Presentation","2007-11-01","provisionofpalliativecare.html","http://services.parliament.uk/bills/provisionofpalliativecare.html","Provision of Palliative Care","2006-2007","Jim Dobbin","Provision of Palliative Care"
"http://data.parliament.uk/resources/392344","Ten Minute Rule","2007-11-01","packagingreduction.html","http://services.parliament.uk/bills/packagingreduction.html","Packaging (Reduction)","2006-2007","Jo Swinson","Packaging (Reduction)"
"http://data.parliament.uk/resources/392254","Presentation","2007-10-31","scottishparliamentelections.html","http://services.parliament.uk/bills/scottishparliamentelections.html","Scottish Parliament Elections","2006-2007","Jo Swinson","Scottish Parliament Elections"
"http://data.parliament.uk/resources/392292","Government","2007-10-31","ukborders.html","http://services.parliament.uk/bills/ukborders.html","UK Borders","2006-2007","John Reid","UK Borders"
"http://data.parliament.uk/resources/392317","Government","2007-10-31","welfarereform.html","http://services.parliament.uk/bills/welfarereform.html","Welfare Reform","2005-2006","Lord McKenzie of Luton","Welfare Reform"
"http://data.parliament.uk/resources/392317","Government","2007-10-31","welfarereform.html","http://services.parliament.uk/bills/welfarereform.html","Welfare Reform","2006-2007","Mr John Hutton","Welfare Reform"
"http://data.parliament.uk/resources/392211","HoL Private","2007-10-30","corruptionhl.html","http://services.parliament.uk/bills/corruptionhl.html","Corruption [HL]","2006-2007","David Heath","Corruption [HL]"
"http://data.parliament.uk/resources/392211","HoL Private","2007-10-30","corruptionhl.html","http://services.parliament.uk/bills/corruptionhl.html","Corruption [HL]","2006-2007","Lord Chidgey","Corruption [HL]"
"http://data.parliament.uk/resources/392230","Government","2007-10-30","ratingemptyproperties.html","http://services.parliament.uk/bills/ratingemptyproperties.html","Rating (Empty Properties)","2006-2007","Phil Woolas","Rating (Empty Properties)"
"http://data.parliament.uk/resources/392239","Ten Minute Rule","2007-10-30","animalsactamendment.html","http://services.parliament.uk/bills/animalsactamendment.html","Animals Act (Amendment)","2006-2007","Stephen Crabb","Animals Act (Amendment)"
"http://data.parliament.uk/resources/392268","Ten Minute Rule","2007-10-30","speedlimitsamendment.html","http://services.parliament.uk/bills/speedlimitsamendment.html","Speed Limits (Amendment)","2006-2007","Mr John Leech","Speed Limits (Amendment)"
"http://data.parliament.uk/resources/392270","Government","2007-10-30","statisticsandregistrationservice.html","http://services.parliament.uk/bills/statisticsandregistrationservice.html","Statistics and Registration Service","2006-2007","Gordon Brown","Statistics and Registration Service"
"http://data.parliament.uk/resources/392270","Government","2007-10-30","statisticsandregistrationservice.html","http://services.parliament.uk/bills/statisticsandregistrationservice.html","Statistics and Registration Service","2006-2007","Lord Davies of Oldham","Statistics and Registration Service"
"http://data.parliament.uk/resources/392277","HoL Private","2007-10-30","televisionadvertisingfoodhl.html","http://services.parliament.uk/bills/televisionadvertisingfoodhl.html","Television Advertising (Food) [HL]","2006-2007","Baroness Thornton","Television Advertising (Food) [HL]"
"http://data.parliament.uk/resources/392282","HoL Private","2007-10-30","torturedamageshl.html","http://services.parliament.uk/bills/torturedamageshl.html","Torture (Damages) [HL]","2006-2007","Lord Archer of Sandwell","Torture (Damages) [HL]"
"http://data.parliament.uk/resources/392283","Ten Minute Rule","2007-10-30","townandcountryplanningamendment.html","http://services.parliament.uk/bills/townandcountryplanningamendment.html","Town and Country Planning (Amendment)","2006-2007","John Mann","Town and Country Planning (Amendment)"
"http://data.parliament.uk/resources/392303","HoL Private","2007-10-30","victimsofoverseasterrorismhl.html","http://services.parliament.uk/bills/victimsofoverseasterrorismhl.html","Victims of Overseas Terrorism [HL]","2006-2007","Lord Brennan","Victims of Overseas Terrorism [HL]"
"http://data.parliament.uk/resources/392305","Ballot","2007-10-30","wagingwarparliamentsroleandresponsibilty.html","http://services.parliament.uk/bills/wagingwarparliamentsroleandresponsibilty.html","Waging War (Parliament's Role and Responsibilty)","2006-2007","Mr Michael Meacher","Waging War (Parliament's Role and Responsibilty)"
"http://data.parliament.uk/resources/392314","Ten Minute Rule","2007-10-30","wildbirdsprotection.html","http://services.parliament.uk/bills/wildbirdsprotection.html","Wild Birds (Protection)","2006-2007","Mark Pritchard","Wild Birds (Protection)"
"http://data.parliament.uk/resources/392315","Ten Minute Rule","2007-10-30","youngoffendersprovisionofspeechtherapy.html","http://services.parliament.uk/bills/youngoffendersprovisionofspeechtherapy.html","Young Offenders (Provision of Speech Therapy)","2006-2007","John Bercow","Young Offenders (Provision of Speech Therapy)"
"http://data.parliament.uk/resources/392204","Ten Minute Rule","2007-10-27","accesstoinlandwaterways.html","http://services.parliament.uk/bills/accesstoinlandwaterways.html","Access To Inland Waterways","2006-2007","Dr Desmond Turner","Access To Inland Waterways"
"http://data.parliament.uk/resources/392208","HoL Private","2007-10-27","clustermunitionsprohibitionhl.html","http://services.parliament.uk/bills/clustermunitionsprohibitionhl.html","Cluster Munitions (Prohibition) [HL]","2006-2007","Lord Dubs","Cluster Munitions (Prohibition) [HL]"
"http://data.parliament.uk/resources/392208","HoL Private","2007-10-27","clustermunitionsprohibitionhl.html","http://services.parliament.uk/bills/clustermunitionsprohibitionhl.html","Cluster Munitions (Prohibition) [HL]","2006-2007","Martin Caton","Cluster Munitions (Prohibition) [HL]"
"http://data.parliament.uk/resources/392209","Government","2007-10-27","concessionarybustravelhl.html","http://services.parliament.uk/bills/concessionarybustravelhl.html","Concessionary Bus Travel [HL]","2006-2007","Douglas Alexander","Concessionary Bus Travel [HL]"
"http://data.parliament.uk/resources/392209","Government","2007-10-27","concessionarybustravelhl.html","http://services.parliament.uk/bills/concessionarybustravelhl.html","Concessionary Bus Travel [HL]","2006-2007","Lord Davies of Oldham","Concessionary Bus Travel [HL]"
"http://data.parliament.uk/resources/392215","HoL Private","2007-10-27","europeanunioninformationetchl.html","http://services.parliament.uk/bills/europeanunioninformationetchl.html","European Union (Information etc) [HL]","2006-2007","Lord Dykes","European Union (Information etc) [HL]"
"http://data.parliament.uk/resources/392216","HoL Private","2007-10-27","forcedmarriagescivilprotectionhl.html","http://services.parliament.uk/bills/forcedmarriagescivilprotectionhl.html","Forced Marriages (Civil Protection) [HL]","2006-2007","Lord Lester of Herne Hill","Forced Marriages (Civil Protection) [HL]"
"http://data.parliament.uk/resources/392217","Government","2007-10-27","furthereducationandtraininghl.html","http://services.parliament.uk/bills/furthereducationandtraininghl.html","Further Education and Training [HL]","2006-2007","Lord Adonis","Further Education and Training [HL]"
"http://data.parliament.uk/resources/392222","Government","2007-10-27","internationaltribunalssierraleonehl.html","http://services.parliament.uk/bills/internationaltribunalssierraleonehl.html","International Tribunals (Sierra Leone) [HL]","2006-2007","Baroness Royall of Blaisdon","International Tribunals (Sierra Leone) [HL]"
"http://data.parliament.uk/resources/392226","Government","2007-10-27","mentalhealthhl.html","http://services.parliament.uk/bills/mentalhealthhl.html","Mental Health [HL]","2006-2007","Lord Warner","Mental Health [HL]"
"http://data.parliament.uk/resources/392226","Government","2007-10-27","mentalhealthhl.html","http://services.parliament.uk/bills/mentalhealthhl.html","Mental Health [HL]","2006-2007","Patricia Hewitt","Mental Health [HL]"
"http://data.parliament.uk/resources/392227","Ten Minute Rule","2007-10-27","climatechangeeffects.html","http://services.parliament.uk/bills/climatechangeeffects.html","Climate Change (Effects)","2006-2007","Rob Marris","Climate Change (Effects)"
"http://data.parliament.uk/resources/392233","Ten Minute Rule","2007-10-27","alcoholharmreduction.html","http://services.parliament.uk/bills/alcoholharmreduction.html","Alcohol (Harm Reduction)","2006-2007","Sandra Gidley","Alcohol (Harm Reduction)"
"http://data.parliament.uk/resources/392234","Government","2007-10-27","digitalswitchoverdisclosureofinformation.html","http://services.parliament.uk/bills/digitalswitchoverdisclosureofinformation.html","Digital Switchover (Disclosure of Information)","2006-2007","Lord Davies of Oldham","Digital Switchover (Disclosure of Information)"
"http://data.parliament.uk/resources/392234","Government","2007-10-27","digitalswitchoverdisclosureofinformation.html","http://services.parliament.uk/bills/digitalswitchoverdisclosureofinformation.html","Digital Switchover (Disclosure of Information)","2006-2007","Tessa Jowell","Digital Switchover (Disclosure of Information)"
"http://data.parliament.uk/resources/392242","Ten Minute Rule","2007-10-27","armedforcesfederation.html","http://services.parliament.uk/bills/armedforcesfederation.html","Armed Forces (Federation)","2006-2007","Mr Kevan Jones","Armed Forces (Federation)"
"http://data.parliament.uk/resources/392250","Government","2007-10-27","offendermanagement.html","http://services.parliament.uk/bills/offendermanagement.html","Offender Management","2006-2007","Baroness Scotland","Offender Management"
"http://data.parliament.uk/resources/392250","Government","2007-10-27","offendermanagement.html","http://services.parliament.uk/bills/offendermanagement.html","Offender Management","2006-2007","John Reid","Offender Management"
"http://data.parliament.uk/resources/392253","Ten Minute Rule","2007-10-27","carersidentificationsupport.html","http://services.parliament.uk/bills/carersidentificationsupport.html","Carers (Identification Support)","2006-2007","Babara Keeley","Carers (Identification Support)"
"http://data.parliament.uk/resources/392261","Government","2007-10-27","parliamentjointdepartmentshl.html","http://services.parliament.uk/bills/parliamentjointdepartmentshl.html","Parliament (Joint Departments) [HL]","2006-2007","Baroness Amos","Parliament (Joint Departments) [HL]"
"http://data.parliament.uk/resources/392271","Government","2007-10-27","fraudtrialswithoutajury.html","http://services.parliament.uk/bills/fraudtrialswithoutajury.html","Fraud (Trials Without a Jury)","2006-2007","John Reid","Fraud (Trials Without a Jury)"
"http://data.parliament.uk/resources/392271","Government","2007-10-27","fraudtrialswithoutajury.html","http://services.parliament.uk/bills/fraudtrialswithoutajury.html","Fraud (Trials Without a Jury)","2006-2007","Lord Goldsmith","Fraud (Trials Without a Jury)"
"http://data.parliament.uk/resources/392273","Presentation","2007-10-27","freedomofinformationamendment.html","http://services.parliament.uk/bills/freedomofinformationamendment.html","Freedom of Information (Amendment)","2006-2007","David Maclean","Freedom of Information (Amendment)"
"http://data.parliament.uk/resources/392281","Government","2007-10-27","greaterlondonauthority.html","http://services.parliament.uk/bills/greaterlondonauthority.html","Greater London Authority","2006-2007","Baroness Andrews","Greater London Authority"
"http://data.parliament.uk/resources/392281","Government","2007-10-27","greaterlondonauthority.html","http://services.parliament.uk/bills/greaterlondonauthority.html","Greater London Authority","2006-2007","Ruth Kelly","Greater London Authority"
"http://data.parliament.uk/resources/392296","Ten Minute Rule","2007-10-27","catholicspreventionofdiscrimination.html","http://services.parliament.uk/bills/catholicspreventionofdiscrimination.html","Catholics (Prevention of Discrimination)","2006-2007","Mr John Gummer","Catholics (Prevention of Discrimination)"
"http://data.parliament.uk/resources/392298","Ten Minute Rule","2007-10-27","childcareprovisionwales.html","http://services.parliament.uk/bills/childcareprovisionwales.html","Childcare Provision (Wales)","2006-2007","Chris Bryant","Childcare Provision (Wales)"
"http://data.parliament.uk/resources/392299","Presentation","2007-10-27","citizensconvention.html","http://services.parliament.uk/bills/citizensconvention.html","Citizens' Convention","2006-2007","Julia Goldsworthy","Citizens' Convention"
"http://data.parliament.uk/resources/392300","Presentation","2007-10-27","clustermunitionsprohibitionofdevelopmentandaquisition.html","http://services.parliament.uk/bills/clustermunitionsprohibitionofdevelopmentandaquisition.html","Cluster Munitions (Prohibition of Development and Aquisition)","2006-2007","Nick Harvey","Cluster Munitions (Prohibition of Development and Aquisition)"
"http://data.parliament.uk/resources/392302","Government","2007-10-27","consolidatedfundappropriation.html","http://services.parliament.uk/bills/consolidatedfundappropriation.html","Consolidated Fund (Appropriation)","2006-2007","John Healey","Consolidated Fund (Appropriation)"
"http://data.parliament.uk/resources/392302","Government","2007-10-27","consolidatedfundappropriation.html","http://services.parliament.uk/bills/consolidatedfundappropriation.html","Consolidated Fund (Appropriation)","2006-2007","Lord Davies of Oldham","Consolidated Fund (Appropriation)"
"http://data.parliament.uk/resources/392323","Government","2007-10-27","planninggainsupplementpreparations.html","http://services.parliament.uk/bills/planninggainsupplementpreparations.html","Planning-Gain Supplement (Preparations)","2006-2007","Gordon Brown","Planning-Gain Supplement (Preparations)"
"http://data.parliament.uk/resources/392323","Government","2007-10-27","planninggainsupplementpreparations.html","http://services.parliament.uk/bills/planninggainsupplementpreparations.html","Planning-Gain Supplement (Preparations)","2006-2007","Lord Davies of Oldham","Planning-Gain Supplement (Preparations)"
"http://data.parliament.uk/resources/392333","Government","2007-10-27","investmentexchangesandclearinghouses.html","http://services.parliament.uk/bills/investmentexchangesandclearinghouses.html","Investment Exchanges and Clearing Houses","2006-2007","Gordon Brown","Investment Exchanges and Clearing Houses"
"http://data.parliament.uk/resources/392333","Government","2007-10-27","investmentexchangesandclearinghouses.html","http://services.parliament.uk/bills/investmentexchangesandclearinghouses.html","Investment Exchanges and Clearing Houses","2006-2007","Lord McKensie","Investment Exchanges and Clearing Houses"
"http://data.parliament.uk/resources/392334","Government","2007-10-27","justiceandsecuritynorthernireland.html","http://services.parliament.uk/bills/justiceandsecuritynorthernireland.html","Justice and Security (Northern Ireland)","2006-2007","Lord Rooker","Justice and Security (Northern Ireland)"
"http://data.parliament.uk/resources/392334","Government","2007-10-27","justiceandsecuritynorthernireland.html","http://services.parliament.uk/bills/justiceandsecuritynorthernireland.html","Justice and Security (Northern Ireland)","2006-2007","Peter Hain","Justice and Security (Northern Ireland)"
"http://data.parliament.uk/resources/392335","Government","2007-10-27","incometax.html","http://services.parliament.uk/bills/incometax.html","Income Tax","2006-2007","Gordon Brown","Income Tax"
"http://data.parliament.uk/resources/392335","Government","2007-10-27","incometax.html","http://services.parliament.uk/bills/incometax.html","Income Tax","2006-2007","Lord Davies of Oldham","Income Tax"
"http://data.parliament.uk/resources/392336","Government","2007-10-27","finance.html","http://services.parliament.uk/bills/finance.html","Finance","2006-2007","Dawn Primarolo","Finance"
"http://data.parliament.uk/resources/392338","Presentation","2007-10-27","fixedtermparliaments.html","http://services.parliament.uk/bills/fixedtermparliaments.html","Fixed Term Parliaments","2006-2007","Mr David Howarth","Fixed Term Parliaments"
"http://data.parliament.uk/resources/392235","Ballot","2007-10-26","localplanningauthoritiesenergyandenergyefficiency.html","http://services.parliament.uk/bills/localplanningauthoritiesenergyandenergyefficiency.html","Local Planning Authorities (Energy and Energy Efficiency)","2006-2007","Mr Martin Caton","Local Planning Authorities (Energy and Energy Efficiency)"
"http://data.parliament.uk/resources/392249","Ten Minute Rule","2007-10-26","ruraltranquility.html","http://services.parliament.uk/bills/ruraltranquility.html","Rural Tranquility","2006-2007","John Penrose","Rural Tranquility"
"http://data.parliament.uk/resources/392266","Ballot","2007-10-26","energysavingdaylight.html","http://services.parliament.uk/bills/energysavingdaylight.html","Energy Saving (Daylight)","2006-2007","Mr Tim Yeo","Energy Saving (Daylight)"
"http://data.parliament.uk/resources/392267","Ten Minute Rule","2007-10-26","pedlarsstreettradingregulation.html","http://services.parliament.uk/bills/pedlarsstreettradingregulation.html","Pedlars (Street Trading Regulation)","2006-2007","Dr Brian Iddon","Pedlars (Street Trading Regulation)"
"http://data.parliament.uk/resources/392285","Presentation","2007-10-26","healthandsafetyoffences.html","http://services.parliament.uk/bills/healthandsafetyoffences.html","Health and Safety (Offences)","2006-2007","Mr Wayne David","Health and Safety (Offences)"
"http://data.parliament.uk/resources/392290","Ballot","2007-10-26","housingassociationrightsandrepresentationofresidents.html","http://services.parliament.uk/bills/housingassociationrightsandrepresentationofresidents.html","Housing Association (Rights and Representation of Residents)","2006-2007","Emily Thornberry","Housing Association (Rights and Representation of Residents)"
"http://data.parliament.uk/resources/392291","Ten Minute Rule","2007-10-26","humanrightsact1998meaningofpublicauthority.html","http://services.parliament.uk/bills/humanrightsact1998meaningofpublicauthority.html","Human Rights Act 1998 (Meaning of Public Authority)","2006-2007","Mr Andrew Dismore","Human Rights Act 1998 (Meaning of Public Authority)"
"http://data.parliament.uk/resources/392329","Presentation","2007-10-26","protectionofadultsincarepreventionofharmandexploitation.html","http://services.parliament.uk/bills/protectionofadultsincarepreventionofharmandexploitation.html","Protection of Adults in Care (Prevention of Harm and Exploitation)","2006-2007","Paul Burstow","Protection of Adults in Care (Prevention of Harm and Exploitation)"
"http://data.parliament.uk/resources/392342","Ten Minute Rule","2007-10-26","bicycleschildrenssafetyhelmets.html","http://services.parliament.uk/bills/bicycleschildrenssafetyhelmets.html","Bicycles (Children's Safety Helmets)","2006-2007","Mr Peter Bone","Bicycles (Children's Safety Helmets)"
"http://data.parliament.uk/resources/392343","Ten Minute Rule","2007-10-26","accesstopensionprotectionfundbenefits.html","http://services.parliament.uk/bills/accesstopensionprotectionfundbenefits.html","Access to Pension Protection Fund Benefits","2006-2007","Mr Mark Hendrick","Access to Pension Protection Fund Benefits"
"http://data.parliament.uk/resources/392218","HoL Private","2007-10-25","governmentspendingwebsitehl.html","http://services.parliament.uk/bills/governmentspendingwebsitehl.html","Government Spending (Website) [HL]","2006-2007","Baroness Noakes","Government Spending (Website) [HL]"
"http://data.parliament.uk/resources/392255","Ballot","2007-10-25","offroadvehiclesregistration.html","http://services.parliament.uk/bills/offroadvehiclesregistration.html","Off-Road Vehicles (Registration)","2006-2007","Graham Stringer","Off-Road Vehicles (Registration)"
"http://data.parliament.uk/resources/392263","Ten Minute Rule","2007-10-25","employmentretention.html","http://services.parliament.uk/bills/employmentretention.html","Employment Retention","2006-2007","John Robertson","Employment Retention"
"http://data.parliament.uk/resources/392307","Ten Minute Rule","2007-10-25","copyrightmiscellaneousprovisions.html","http://services.parliament.uk/bills/copyrightmiscellaneousprovisions.html","Copyright (Miscellaneous Provisions)","2006-2007","David Amess","Copyright (Miscellaneous Provisions)"
"http://data.parliament.uk/resources/392310","Ten Minute Rule","2007-10-25","criminaldamagegraffiti.html","http://services.parliament.uk/bills/criminaldamagegraffiti.html","Criminal Damage Graffiti","2006-2007","James Duddridge","Criminal Damage Graffiti"
"http://data.parliament.uk/resources/392207","HoL Private","2007-10-24","bailiffslicensinghl.html","http://services.parliament.uk/bills/bailiffslicensinghl.html","Bailiffs (Licensing) [HL]","2006-2007","Lord Lucas","Bailiffs (Licensing) [HL]"
"http://data.parliament.uk/resources/392213","HoL Private","2007-10-24","disabledpersonsindependentlivinghl.html","http://services.parliament.uk/bills/disabledpersonsindependentlivinghl.html","Disabled Persons (Independent Living) [HL]","2006-2007","Lord Ashley of Stoke","Disabled Persons (Independent Living) [HL]"
"http://data.parliament.uk/resources/392238","Ten Minute Rule","2007-10-24","membersofparliamentemploymentdisqualification.html","http://services.parliament.uk/bills/membersofparliamentemploymentdisqualification.html","Members of Parliament (Employment Disqualification)","2006-2007","Martin Salter","Members of Parliament (Employment Disqualification)"
"http://data.parliament.uk/resources/392252","Ten Minute Rule","2007-10-24","safeguardingrunawayandmissingchildren.html","http://services.parliament.uk/bills/safeguardingrunawayandmissingchildren.html","Safeguarding Runaway and Missing Children","2006-2007","Helen Southworth","Safeguarding Runaway and Missing Children"
"http://data.parliament.uk/resources/392259","Ballot","2007-10-24","electricshocktrainingdevices.html","http://services.parliament.uk/bills/electricshocktrainingdevices.html","Electric Shock Training Devices","2006-2007","Sarah McCarthy-Fry","Electric Shock Training Devices"
"http://data.parliament.uk/resources/392262","Ten Minute Rule","2007-10-24","employmentassistancewales.html","http://services.parliament.uk/bills/employmentassistancewales.html","Employment Assistance (Wales)","2006-2007","Mr Wayne David","Employment Assistance (Wales)"
"http://data.parliament.uk/resources/392264","Ten Minute Rule","2007-10-24","energymarketscarbonreductionandwarmhomes.html","http://services.parliament.uk/bills/energymarketscarbonreductionandwarmhomes.html","Energy Markets (Carbon Reduction and Warm Homes)","2006-2007","Alan Simpson","Energy Markets (Carbon Reduction and Warm Homes)"
"http://data.parliament.uk/resources/392275","Presentation","2007-10-24","freedomofinformationamendmentno2.html","http://services.parliament.uk/bills/freedomofinformationamendmentno2.html","Freedom of Information (Amendment) (No.2)","2006-2007","Tom Brake","Freedom of Information (Amendment) (No.2)"
"http://data.parliament.uk/resources/392287","Ten Minute Rule","2007-10-24","historiccountiestownsandvillagestrafficsignsandmapping.html","http://services.parliament.uk/bills/historiccountiestownsandvillagestrafficsignsandmapping.html","Historic Counties, Towns and Villages (Traffic Signs and Mapping)","2006-2007","Andrew Rosindell","Historic Counties, Towns and Villages (Traffic Signs and Mapping)"
"http://data.parliament.uk/resources/392288","Ballot","2007-10-24","houseofcommonsparticipation.html","http://services.parliament.uk/bills/houseofcommonsparticipation.html","House of Commons (Participation)","2006-2007","Mr Robert Walter","House of Commons (Participation)"
"http://data.parliament.uk/resources/392293","Ballot","2007-10-24","infrastructureaudithousingdevelopment.html","http://services.parliament.uk/bills/infrastructureaudithousingdevelopment.html","Infrastructure Audit (Housing Development)","2006-2007","Mr Francis Maude","Infrastructure Audit (Housing Development)"
"http://data.parliament.uk/resources/392306","Presentation","2007-10-24","constitutionalreform.html","http://services.parliament.uk/bills/constitutionalreform.html","Constitutional Reform","2006-2007","Graham Allen","Constitutional Reform"
"http://data.parliament.uk/resources/392309","Ten Minute Rule","2007-10-24","councilhousingdirectinvestment.html","http://services.parliament.uk/bills/councilhousingdirectinvestment.html","Council Housing (Direct Investment)","2006-2007","David Taylor","Council Housing (Direct Investment)"
"http://data.parliament.uk/resources/392320","Presentation","2007-10-24","pensionsunclaimedassets.html","http://services.parliament.uk/bills/pensionsunclaimedassets.html","Pensions (Unclaimed Assets)","2006-2007","Mr Frank Field","Pensions (Unclaimed Assets)"
"http://data.parliament.uk/resources/392324","Ballot","2007-10-24","pollingstationsregulation.html","http://services.parliament.uk/bills/pollingstationsregulation.html","Polling Stations (Regulation)","2006-2007","Mr Roger Godsiff","Polling Stations (Regulation)"
"http://data.parliament.uk/resources/392341","Presentation","2007-10-24","electedrepresentativesprohibitionofdeception.html","http://services.parliament.uk/bills/electedrepresentativesprohibitionofdeception.html","Elected Representatives (Prohibition of Deception)","2006-2007","Adam Price","Elected Representatives (Prohibition of Deception)"
"http://data.parliament.uk/resources/392229","Ten Minute Rule","2007-10-22","danceteachersqualificationsandregulation.html","http://services.parliament.uk/bills/danceteachersqualificationsandregulation.html","Dance Teachers (Qualifications and Regulation)","2006-2007","Meg Hillier","Dance Teachers (Qualifications and Regulation)"
"http://data.parliament.uk/resources/392237","Ten Minute Rule","2007-10-22","mediatransparencyanddisclosure.html","http://services.parliament.uk/bills/mediatransparencyanddisclosure.html","Media (Transparency and Disclosure)","2006-2007","Gary Streeter","Media (Transparency and Disclosure)"
"http://data.parliament.uk/resources/392241","Ten Minute Rule","2007-10-22","milkpricing.html","http://services.parliament.uk/bills/milkpricing.html","Milk (Pricing)","2006-2007","Daniel Kawczynski","Milk (Pricing)"
"http://data.parliament.uk/resources/392248","Ten Minute Rule","2007-10-22","disabilitybenefitssingleassessment.html","http://services.parliament.uk/bills/disabilitybenefitssingleassessment.html","Disability Benefits (Single Assessment)","2006-2007","Jeremy Hunt","Disability Benefits (Single Assessment)"
"http://data.parliament.uk/resources/392257","Ten Minute Rule","2007-10-22","drugsreclassificationandroadsidetesting.html","http://services.parliament.uk/bills/drugsreclassificationandroadsidetesting.html","Drugs (Reclassification and Roadside Testing)","2006-2007","Mr Christopher Chope","Drugs (Reclassification and Roadside Testing)"
"http://data.parliament.uk/resources/392258","HoL Private","2007-10-22","palliativecarehl.html","http://services.parliament.uk/bills/palliativecarehl.html","Palliative Care [HL]","2006-2007","Baroness Finlay of Llandaff","Palliative Care [HL]"
"http://data.parliament.uk/resources/392269","Ten Minute Rule","2007-10-22","flexibleworking.html","http://services.parliament.uk/bills/flexibleworking.html","Flexible Working","2006-2007","Lorely Burt","Flexible Working"
"http://data.parliament.uk/resources/392289","Ten Minute Rule","2007-10-22","housesinmultipleoccupation.html","http://services.parliament.uk/bills/housesinmultipleoccupation.html","Houses in Multiple Occupation","2006-2007","Dr Whitehead","Houses in Multiple Occupation"
"http://data.parliament.uk/resources/392301","Government","2007-10-22","consolidatedfund.html","http://services.parliament.uk/bills/consolidatedfund.html","Consolidated Fund","2006-2007","Baroness Amos","Consolidated Fund"
"http://data.parliament.uk/resources/392301","Government","2007-10-22","consolidatedfund.html","http://services.parliament.uk/bills/consolidatedfund.html","Consolidated Fund","2006-2007","John Healey","Consolidated Fund"
"http://data.parliament.uk/resources/392304","Government","2007-10-22","consolidatedfundappropriationno2.html","http://services.parliament.uk/bills/consolidatedfundappropriationno2.html","Consolidated Fund (Appropriation) (No.2)","2006-2007","Jane Kennedy","Consolidated Fund (Appropriation) (No.2)"
"http://data.parliament.uk/resources/392308","Ten Minute Rule","2007-10-22","copyrighttermforperformersandproducers.html","http://services.parliament.uk/bills/copyrighttermforperformersandproducers.html","Copyright Term for Performers and Producers","2006-2007","Michael Connarty","Copyright Term for Performers and Producers"
"http://data.parliament.uk/resources/392312","Ballot","2007-10-22","criminallawamendmentprotectionofproperty.html","http://services.parliament.uk/bills/criminallawamendmentprotectionofproperty.html","Criminal Law (Amendment) (Protection of Property)","2006-2007","Mr Shailesh Vara","Criminal Law (Amendment) (Protection of Property)"
"http://data.parliament.uk/resources/392322","Ten Minute Rule","2007-10-22","planningconsultation.html","http://services.parliament.uk/bills/planningconsultation.html","Planning (Consultation)","2006-2007","Mr Ian Liddell-Grainger","Planning (Consultation)"
"http://data.parliament.uk/resources/392326","Ten Minute Rule","2007-10-22","prenuptialagreementstitle.html","http://services.parliament.uk/bills/prenuptialagreementstitle.html","Prenuptial Agreements Title","2006-2007","Mr Quentin Davies","Prenuptial Agreements Title"
"http://data.parliament.uk/resources/392328","Ten Minute Rule","2007-10-22","proofofageschemepurchaseofrestrictedgoods.html","http://services.parliament.uk/bills/proofofageschemepurchaseofrestrictedgoods.html","Proof of Age Scheme (Purchase of Restricted Goods)","2006-2007","Mr Robert Flello","Proof of Age Scheme (Purchase of Restricted Goods)"
"http://data.parliament.uk/resources/392339","Presentation","2007-10-22","microgenerationandlocalenergy.html","http://services.parliament.uk/bills/microgenerationandlocalenergy.html","Microgeneration and Local Energy","2006-2007","Dr Alan Whitehead","Microgeneration and Local Energy"
"http://data.parliament.uk/resources/392340","Ten Minute Rule","2007-10-22","portsregulation.html","http://services.parliament.uk/bills/portsregulation.html","Ports (Regulation)","2006-2007","Ann Moffat","Ports (Regulation)"
"http://data.parliament.uk/resources/392219","HoL Private","2007-10-21","houseoflordshl.html","http://services.parliament.uk/bills/houseoflordshl.html","House of Lords [HL]","2006-2007","Lord Steel of Aikwood","House of Lords [HL]"
"http://data.parliament.uk/resources/392220","HoL Private","2007-10-21","houseoflordsamendmenthl.html","http://services.parliament.uk/bills/houseoflordsamendmenthl.html","House of Lords (Amendment) [HL]","2006-2007","Lord Avebury","House of Lords (Amendment) [HL]"
"http://data.parliament.uk/resources/392221","HoL Private","2007-10-21","interceptionofcommunicationsadmissabilityofevidencehl.html","http://services.parliament.uk/bills/interceptionofcommunicationsadmissabilityofevidencehl.html","Interception of Communications (Admissability of Evidence) [HL]","2006-2007","Lord Lloyd of Berwick","Interception of Communications (Admissability of Evidence) [HL]"
"http://data.parliament.uk/resources/392278","Ten Minute Rule","2007-10-21","gangmasterslicensingact2004.html","http://services.parliament.uk/bills/gangmasterslicensingact2004.html","Gangmasters (Licensing) Act 2004","2006-2007","Jim Sheridan","Gangmasters (Licensing) Act 2004"
"http://data.parliament.uk/resources/392294","Ten Minute Rule","2007-10-21","intergovernmentalcontractsprovisionofinformation.html","http://services.parliament.uk/bills/intergovernmentalcontractsprovisionofinformation.html","Intergovernmental Contracts (Provision of Information)","2006-2007","Dr John Pugh","Intergovernmental Contracts (Provision of Information)"
"http://data.parliament.uk/resources/392223","HoL Private","2007-10-19","leaseholdinformationhl.html","http://services.parliament.uk/bills/leaseholdinformationhl.html","Leasehold Information [HL]","2006-2007","Lord Redesdale","Leasehold Information [HL]"
"http://data.parliament.uk/resources/392225","HoL Private","2007-10-19","lifepeeragesresidencyfortaxationpurposesbill.html","http://services.parliament.uk/bills/lifepeeragesresidencyfortaxationpurposesbill.html","Life Peerages (Residency for Taxation Purposes)","2006-2007","Lord Oakshott","Life Peerages (Residency for Taxation Purposes)"
"http://data.parliament.uk/resources/392231","Presentation","2007-10-19","lightbulbregulation.html","http://services.parliament.uk/bills/lightbulbregulation.html","Light Bulb (Regulation)","2006-2007","John Barrett","Light Bulb (Regulation)"
"http://data.parliament.uk/resources/392327","Ten Minute Rule","2007-10-19","privateparkingregulations.html","http://services.parliament.uk/bills/privateparkingregulations.html","Private Parking (Regulations)","2006-2007","David Wright","Private Parking (Regulations)"
"http://data.parliament.uk/resources/392330","Ten Minute Rule","2007-10-19","protectionoflistedvehicles.html","http://services.parliament.uk/bills/protectionoflistedvehicles.html","Protection of Listed Vehicles","2006-2007","Mr John Randall","Protection of Listed Vehicles"
"http://data.parliament.uk/resources/392332","HoL Private","2007-10-19","publicdemonstrationsrepealshl.html","http://services.parliament.uk/bills/publicdemonstrationsrepealshl.html","Public Demonstrations (Repeals) [HL]","2006-2007","Baroness Miller of Chilthorne Domer","Public Demonstrations (Repeals) [HL]"
"http://data.parliament.uk/resources/392212","HoL Private","2007-10-13","developmentordersmicrogenerationhlformerlyenergyefficiencyandmicrogenerationhl.html","http://services.parliament.uk/bills/developmentordersmicrogenerationhlformerlyenergyefficiencyandmicrogenerationhl.html","Development Orders (Microgeneration) [HL] (formerly Energy Efficiency and Microgeneration [HL])","2006-2007","Lord Redesdale","Development Orders (Microgeneration) [HL] (formerly Energy Efficiency and Microgeneration [HL])"
"http://data.parliament.uk/resources/392214","HoL Private","2007-10-13","europeanunionimplicationsofwithdrawalhl.html","http://services.parliament.uk/bills/europeanunionimplicationsofwithdrawalhl.html","European Union (Implications of Withdrawal) [HL]","2006-2007","Lord Pearson of Rannoch","European Union (Implications of Withdrawal) [HL]"
"http://data.parliament.uk/resources/392240","HoL Private","2007-10-13","royalcommissionslaveryhl.html","http://services.parliament.uk/bills/royalcommissionslaveryhl.html","Royal Commission (Slavery) [HL]","2006-2007","Baroness Cox","Royal Commission (Slavery) [HL]"
"http://data.parliament.uk/resources/392206","HoL Private","2007-10-10","alcohollabellinghl.html","http://services.parliament.uk/bills/alcohollabellinghl.html","Alcohol Labelling [HL]","2006-2007","Lord Mitchell","Alcohol Labelling [HL]"
"http://data.parliament.uk/resources/0",,,,,,,,
