4 December 1912,22. Leg.,NR,SR,BV,,,
,,,,,,,
Radikal-demokratische Gruppe (R),,112,25,137,,,
Katholisch-Konservative Gruppe (K),,38,16,54,,,
Sozialdemokratische Gruppe (S),,17,1,18,,,
Liberal-demokratische Gruppe (L),,13,1,14,,,
Sozialpolitische Gruppe (SPOL),,4,1,5,,,
ohne Parteiangehörigkeit,,4,0,4,,,
nicht besetzte Sitze,,1,0,1,,,
,,189,44,233,,,
,,,,,,,
4 June 1913,,,,,,,
,,,,,,,
Radikal-demokratische Gruppe (R),,112,23,135,,,
Katholisch-Konservative Gruppe (K),,38,15,53,,,
Sozialdemokratische Gruppe (S),,18,1,19,,,
Liberal-demokratische Gruppe (L),,13,2,15,,,
Sozialpolitische Gruppe (SPOL),,5,0,5,,,
ohne Parteiangehörigkeit,,3,2,5,,,
nicht besetzte Sitze,,0,1,1,,,
,,189,44,233,,,
,,,,,,,
3 December 1913,,,,,,,
,,,,,,,
Radikal-demokratische Gruppe (R),,112,23,135,,,
Katholisch-Konservative Gruppe (K),,38,16,54,,,
Sozialdemokratische Gruppe (S),,18,1,19,,,
Liberal-demokratische Gruppe (L),,13,2,15,,,
Sozialpolitische Gruppe (SPOL),,5,0,5,,,
ohne Parteiangehörigkeit,,3,1,4,,,
nicht besetzte Sitze,,0,1,1,,,
,,189,44,233,,,
,,,,,,,
17 March 1914,,,,,,,
,,,,,,,
Radikal-demokratische Gruppe (R),,109,24,133,,,
Katholisch-Konservative Gruppe (K),,38,16,54,,,
Sozialdemokratische Gruppe (S),,18,1,19,,,
Liberal-demokratische Gruppe (L),,14,2,16,,,
Sozialpolitische Gruppe (SPOL),,5,0,5,,,
ohne Parteiangehörigkeit,,4,1,5,,,
nicht besetzte Sitze,,1,0,1,,,
,,189,44,233,,,
,,,,,,,
17 December 1914,23. Leg.,,,,,,
,,,,,,,
Radikal-demokratische Gruppe (R),,111,24,135,,,
Katholisch-Konservative Gruppe (K),,37,16,53,,,
Sozialdemokratische Gruppe (S),,19,1,20,,,
Liberal-demokratische Gruppe (L),,15,2,17,,,
Sozialpolitische Gruppe (SPOL),,3,1,4,,,
ohne Parteiangehörigkeit,,4,0,4,,,
nicht besetzte Sitze,,0,0,0,,,
,,189,44,233,,,
,,,,,,,
10 June 1915,,,,,,,
,,,,,,,
Radikal-demokratische Gruppe (R),,109,24,133,,,
Katholisch-Konservative Gruppe (K),,37,16,53,,,
Sozialdemokratische Gruppe (S),,19,1,20,,,
Liberal-demokratische Gruppe (L),,15,2,17,,,
Sozialpolitische Gruppe (SPOL),,3,1,4,,,
ohne Parteiangehörigkeit,,5,0,5,,,
nicht besetzte Sitze,,1,0,1,,,
,,189,44,233,,,
,,,,,,,
16 December 1915,,,,,,,
,,,,,,,
Radikal-demokratische Gruppe (R),,110,24,134,,,
Katholisch-Konservative Gruppe (K),,38,16,54,,,
Sozialdemokratische Gruppe (S),,19,1,20,,,
Liberal-demokratische Gruppe (L),,14,2,16,,,
Sozialpolitische Gruppe (SPOL),,3,1,4,,,
ohne Parteiangehörigkeit,,5,0,5,,,
nicht besetzte Sitze,,0,0,0,,,
,,189,44,233,,,
,,,,,,,
19 June 1916,,,,,,,
,,,,,,,
Radikal-demokratische Gruppe (R),,110,24,134,,,
Katholisch-Konservative Gruppe (K),,37,16,53,,,
Sozialdemokratische Gruppe (S),,19,1,20,,,
Liberal-demokratische Gruppe (L),,14,2,16,,,
Sozialpolitische Gruppe (SPOL),,3,1,4,,,
ohne Parteiangehörigkeit,,5,0,5,,,
nicht besetzte Sitze,,1,0,1,,,
,,189,44,233,,,
,,,,,,,
19 December 1916,,,,,,,
,,,,,,,
Radikal-demokratische Gruppe (R),,109,24,133,,,
Katholisch-Konservative Gruppe (K),,38,15,53,,,
Sozialdemokratische Gruppe (S),,18,1,19,,,
Liberal-demokratische Gruppe (L),,14,2,16,,,
Sozialpolitische Gruppe (SPOL),,3,1,4,,,
ohne Parteiangehörigkeit,,7,0,7,,,
nicht besetzte Sitze,,0,1,1,,,
,,189,44,233,,,
,,,,,,,
11 June 1917,,,,,,,
,,,,,,,
Radikal-demokratische Gruppe (R),,109,24,133,,,
Katholisch-Konservative Gruppe (K),,38,16,54,,,
Sozialdemokratische Gruppe (S),,17,1,18,,,
Liberal-demokratische Gruppe (L),,14,2,16,,,
Sozialpolitische Gruppe (SPOL),,3,1,4,,,
ohne Parteiangehörigkeit,,8,0,8,,,
nicht besetzte Sitze,,0,0,0,,,
,,189,44,233,,,
,,,,,,,
20 December 1917,24. Leg.,,,,,,
,,,,,,,
Radikal-demokratische Gruppe (R),,102,24,126,,,
Katholisch-Konservative Gruppe (K),,42,16,58,,,
Sozialdemokratische Gruppe (S),,19,1,20,,,
Liberal-demokratische Gruppe (L),,12,2,14,,,
Sozialpolitische Gruppe (SPOL),,6,1,7,,,
ohne Parteiangehörigkeit,,7,0,7,,,
nicht besetzte Sitze,,1,0,1,,,
,,189,44,233,,,
,,,,,,,
10 June 1918,,,,,,,
,,,,,,,
Radikal-demokratische Gruppe (R),,103,24,127,,,
Katholisch-Konservative Gruppe (K),,42,16,58,,,
Sozialdemokratische Gruppe (S),,19,1,20,,,
Liberal-demokratische Gruppe (L),,12,2,14,,,
Sozialpolitische Gruppe (SPOL),,6,1,7,,,
ohne Parteiangehörigkeit,,7,0,7,,,
nicht besetzte Sitze,,0,0,0,,,
,,189,44,233,,,
16 December 1918,,,,,,,
,,,,,,,
Radikal-demokratische Gruppe (R),,101,23,124,,,
Katholisch-Konservative Gruppe (K),,40,16,56,,,
Sozialdemokratische Gruppe (S),,19,1,20,,,
Liberal-demokratische Gruppe (L),,13,2,15,,,
Sozialpolitische Gruppe (SPOL),,6,1,7,,,
ohne Parteiangehörigkeit,,7,0,7,,,
nicht besetzte Sitze,,3,1,4,,,
,,189,44,233,,,
,,,,,,,
12 June 1919,,,,,,,
,,,,,,,
Radikal-demokratische Gruppe (R),,84,19,103,,,
Radikaldemokraten die der Gruppe nicht angehören,,18,5,23,,,
Katholisch-Konservative Gruppe (K),,41,16,57,,,
Sozialdemokratische Gruppe (S),,19,1,20,,,
Liberal-demokratische Gruppe (L),,12,2,14,,,
Sozialpolitische Gruppe (SPOL),,7,1,8,,,
ohne Parteiangehörigkeit,,7,0,7,,,
nicht besetzte Sitze,,1,0,1,,,
,,189,44,233,,,
,,,,,,,
22 December 1919,25. Leg.,,,,,,
,,,,,,,
Radikal-demokratische Gruppe (R),,63,23,86,,,
Katholisch-Konservative Gruppe (K),,41,17,58,,,
Sozialdemokratische Gruppe (S),,41,0,41,,,
"Bauern-, Gewerbe- und Bürgergruppe (B)",,25,1,26,,,
Liberal-demokratische Gruppe (L),,9,2,11,,,
Sozialpolitische Gruppe (SPOL),,7,1,8,,,
ohne Parteiangehörigkeit,,3,0,3,,,
,,189,44,233,,,
,,,,,,,
18 June 1920,,,,,,,
,,,,,,,
Radikal-demokratische Gruppe (R),,61,23,84,,,
Katholisch-Konservative Gruppe (K),,41,17,58,,,
Sozialdemokratische Gruppe (S),,41,0,41,,,
"Bauern-, Gewerbe- und Bürgergruppe (B)",,28,1,29,,,
Liberal-demokratische Gruppe (L),,9,2,11,,,
Sozialpolitische Gruppe (SPOL),,7,1,8,,,
ohne Parteiangehörigkeit,,2,0,2,,,
,,189,44,233,,,
,,,,,,,
16 December 1920,,,,,,,
,,,,,,,
Radikal-demokratische Gruppe (R),,61,22,83,,,
Katholisch-Konservative Gruppe (K),,41,17,58,,,
Sozialdemokratische Gruppe (S),,41,0,41,,,
"Bauern-, Gewerbe- und Bürgergruppe (B)",,28,1,29,,,
Liberal-demokratische Gruppe (L),,9,2,11,,,
Sozialpolitische Gruppe (SPOL),,7,0,7,,,
ohne Parteiangehörigkeit,,2,2,4,,,
,,189,44,233,,,
,,,,,,,
,,,,,,,
13 June 1921,,,,,,,
,,,,,,,
Radikal-demokratische Gruppe (R),,59,22,81,,,
Katholisch-Konservative Gruppe (K),,41,17,58,,,
Sozialdemokratische Gruppe (S),,38,0,38,,,
"Bauern-, Gewerbe- und Bürgergruppe (B)",,31,1,32,,,
Liberal-demokratische Gruppe (L),,9,2,11,,,
Sozialpolitische Gruppe (SPOL),,6,1,7,,,
Kommunistische Gruppe (Ko),,3,0,3,,,
ohne Parteiangehörigkeit,,2,0,2,,,
,,189,43,232,,,
,,,,,,,
17 December 1921,,,,,,,
,,,,,,,
Radikal-demokratische Gruppe (R),,59,22,81,,,
Katholisch-Konservative Gruppe (K),,41,17,58,,,
Sozialdemokratische Gruppe (S),,39,0,39,,,
"Bauern-, Gewerbe- und Bürgergruppe (B)",,31,1,32,,,
Liberal-demokratische Gruppe (L),,9,2,11,,,
Sozialpolitische Gruppe (SPOL),,6,1,7,,,
Kommunistische Gruppe (Ko),,0,0,0,,,
ohne Parteiangehörigkeit,,4,1,5,,,
,,189,44,233,,,
,,,,,,,
19 June 1922,,,,,,,
,,,,,,,
Radikal-demokratische Gruppe (R),,59,22,81,,,
Katholisch-Konservative Gruppe (K),,41,17,58,,,
Sozialdemokratische Gruppe (S),,38,0,38,,,
"Bauern-, Gewerbe- und Bürgergruppe (B)",,31,1,32,,,
Liberal-demokratische Gruppe (L),,9,2,11,,,
Sozialpolitische Gruppe (SPOL),,6,1,7,,,
Kommunistische Gruppe (Ko),,3,0,3,,,
ohne Parteiangehörigkeit,,2,1,3,,,
,,189,44,233,,,
,,,,,,,
22 December 1922,26. Leg.,,,,,,
,,,,,,,
Radikal-demokratische Fraktion (R),,58,23,81,,,
Katholisch-Konservative Fraktion (K),,44,17,61,,,
Sozialdemokratische Fraktion (S),,43,1,44,,,
"Bauern-, Gewerbe- und Bürgerfraktion (B)",,35,1,36,,,
Liberal-demokratische Fraktion (L),,10,1,11,,,
Sozialpolitische Fraktion (SPOL),,3,1,4,,,
ohne Fraktionsangehörigkeit,,5,0,5,,,
,,198,44,242,,,
,,,,,,,
18 June 1923,,,,,,,
,,,,,,,
Radikal-demokratische Fraktion (R),,58,22,80,,,
Katholisch-Konservative Fraktion (K),,44,18,62,,,
Sozialdemokratische Fraktion (S),,43,1,44,,,
"Bauern-, Gewerbe- und Bürgerfraktion (B)",,34,1,35,,,
Liberal-demokratische Fraktion (L),,10,1,11,,,
Sozialpolitische Fraktion (SPOL),,3,1,4,,,
ohne Fraktionsangehörigkeit,,6,0,6,,,
,,198,44,242,,,
,,,,,,,
28 December 1923,,,,,,,
,,,,,,,
Radikal-demokratische Fraktion (R),,58,22,80,,,
Katholisch-Konservative Fraktion (K),,44,18,62,,,
Sozialdemokratische Fraktion (S),,43,1,44,,,
"Bauern-, Gewerbe- und Bürgerfraktion (B)",,34,1,35,,,
Liberal-demokratische Fraktion (L),,10,1,11,,,
Sozialpolitische Fraktion (SPOL),,3,1,4,,,
ohne Fraktionsangehörigkeit,,6,0,6,,,
,,198,44,242,,,
,,,,,,,
18 June 1924,,,,,,,
,,,,,,,
Radikal-demokratische Fraktion (R),,58,22,80,,,
Katholisch-Konservative Fraktion (K),,43,18,61,,,
Sozialdemokratische Fraktion (S),,42,1,43,,,
"Bauern-, Gewerbe- und Bürgerfraktion (B)",,34,1,35,,,
Liberal-demokratische Fraktion (L),,10,1,11,,,
Sozialpolitische Fraktion (SPOL),,3,1,4,,,
ohne Fraktionsangehörigkeit,,6,0,6,,,
nicht besetzte Sitze,,2,,,,,
,,198,44,242,,,
,,,,,,,
13 December 1924,,,,,,,
,,,,,,,
Radikal-demokratische Fraktion (R),,58,22,80,,,
Katholisch-Konservative Fraktion (K),,44,18,62,,,
Sozialdemokratische Fraktion (S),,43,1,44,,,
"Bauern-, Gewerbe- und Bürgerfraktion (B)",,34,1,35,,,
Liberal-demokratische Fraktion (L),,10,1,11,,,
Sozialpolitische Fraktion (SPOL),,3,1,4,,,
ohne Fraktionsangehörigkeit,,6,0,6,,,
,,198,44,242,,,
,,,,,,,
18 June 1925,,,,,,,
,,,,,,,
Radikal-demokratische Fraktion (R),,58,22,80,,,
Katholisch-Konservative Fraktion (K),,43,17,60,,,
Sozialdemokratische Fraktion (S),,43,1,44,,,
"Bauern-, Gewerbe- und Bürgerfraktion (B)",,34,1,35,,,
Liberal-demokratische Fraktion (L),,10,1,11,,,
Sozialpolitische Fraktion (SPOL),,3,1,4,,,
ohne Fraktionsangehörigkeit,,6,0,6,,,
nicht besetzte Sitze,,1,1,2,,,
,,198,44,242,,,
,,,,,,,
17 December 1925,27. Leg.,,,,,,
,,,,,,,
Radikal-demokratische Fraktion (R),,59,21,80,,,
Katholisch-Konservative Fraktion (K),,42,17,59,,,
Sozialdemokratische Fraktion (S),,49,2,51,,,
"Bauern-, Gewerbe- und Bürgerfraktion (B)",,30,1,31,,,
Liberal-demokratische Fraktion (L),,7,1,8,,,
Sozialpolitische Fraktion (SPOL),,5,1,6,,,
Kommunistische Fraktion (Ko),,3,0,3,,,
ohne Fraktionsangehörigkeit,,3,0,3,,,
nicht besetzte Sitze,,0,1,1,,,
,,198,44,242,,,
,,,,,,,
14 June 1926,,,,,,,
,,,,,,,
Radikal-demokratische Fraktion (R),,59,22,81,,v,
Katholisch-Konservative Fraktion (K),,42,17,59,,,
Sozialdemokratische Fraktion (S),,49,2,51,,,
"Bauern-, Gewerbe- und Bürgerfraktion (B)",,30,1,31,,,
Liberal-demokratische Fraktion (L),,7,1,8,,,
Sozialpolitische Fraktion (SPOL),,5,1,6,,,
Kommunistische Fraktion (Ko),,3,0,3,,,
ohne Fraktionsangehörigkeit,,3,0,3,,,
,,198,44,242,,,
,,,,,,,
16 December 1926,,,,,,v,
,,,,,,,
Radikal-demokratische Fraktion (R),,59,22,81,,,
Katholisch-Konservative Fraktion (K),,42,17,59,,,
Sozialdemokratische Fraktion (S),,49,2,51,,,
"Bauern-, Gewerbe- und Bürgerfraktion (B)",,30,1,31,,,
Liberal-demokratische Fraktion (L),,7,1,8,,,
Sozialpolitische Fraktion (SPOL),,5,1,6,,,
Kommunistische Fraktion (Ko),,3,0,3,,,
ohne Fraktionsangehörigkeit,,3,0,3,,,
,,198,44,242,,,
,,,,,,,
17 June 1927,,,,,,,
,,,,,,,
Radikal-demokratische Fraktion (R),,59,21,80,,v,
Katholisch-Konservative Fraktion (K),,42,18,60,,,
Sozialdemokratische Fraktion (S),,49,2,51,,,
"Bauern-, Gewerbe- und Bürgerfraktion (B)",,30,1,31,,,
Liberal-demokratische Fraktion (L),,7,1,8,,,
Sozialpolitische Fraktion (SPOL),,5,1,6,,,
Kommunistische Fraktion (Ko),,3,0,3,,,
ohne Fraktionsangehörigkeit,,3,0,3,,,
,,198,44,242,,,
,,,,,,,
23 December 1927,,,,,,,
,,,,,,,
Radikal-demokratische Fraktion (R),,59,21,80,,,
Katholisch-Konservative Fraktion (K),,42,18,60,,,
Sozialdemokratische Fraktion (S),,49,2,51,,,
"Bauern-, Gewerbe- und Bürgerfraktion (B)",,30,1,31,,,
Liberal-demokratische Fraktion (L),,7,1,8,,,
Sozialpolitische Fraktion (SPOL),,5,1,6,,,
Kommunistische Fraktion (Ko),,3,0,3,,,
ohne Fraktionsangehörigkeit,,3,0,3,,,
,,198,44,242,,,
,,,,,,,
11 June 1928,,,,,,,
,,,,,,,
Radikal-demokratische Fraktion (R),,59,20,79,,,
Katholisch-Konservative Fraktion (K),,42,18,60,,,
Sozialdemokratische Fraktion (S),,49,2,51,,,
"Bauern-, Gewerbe- und Bürgerfraktion (B)",,31,2,33,,,
Liberal-demokratische Fraktion (L),,7,1,8,,,
Sozialpolitische Fraktion (SPOL),,5,1,6,,,
Kommunistische Fraktion (Ko),,3,0,3,,,
ohne Fraktionsangehörigkeit,,2,0,2,,,
,,198,44,242,,,
,,,,,,,
20 December 1928,28. Leg.,,,,,,
,,,,,,,
Radikal-demokratische Fraktion (R),,58,20,78,,,
Katholisch-Konservative Fraktion (K),,46,18,64,,,
Sozialdemokratische Fraktion (S),,50,0,50,,,
"Bauern-, Gewerbe- und Bürgerfraktion (B)",,31,3,34,,,
Liberal-demokratische Fraktion (L),,6,1,7,,,
Sozialpolitische Fraktion (SPOL),,3,1,4,,,
ohne Fraktionsangehörigkeit,,4,1,5,,,
,,198,44,242,,,
,,,,,,,
21 June 1929,,,,,,,
,,,,,,,
Radikal-demokratische Fraktion (R),,58,20,78,,,
Katholisch-Konservative Fraktion (K),,46,18,64,,,
Sozialdemokratische Fraktion (S),,50,0,50,,,
"Bauern-, Gewerbe- und Bürgerfraktion (B)",,31,3,34,,,
Liberal-demokratische Fraktion (L),,6,1,7,,,
Sozialpolitische Fraktion (SPOL),,3,1,4,,,
ohne Fraktionsangehörigkeit,,4,1,5,,,
,,198,44,242,,,
,,,,,,,
10 January 1930,,,,,,,
,,,,,,,
Radikal-demokratische Fraktion (R),,58,20,78,,,
Katholisch-Konservative Fraktion (K),,46,18,64,,,
Sozialdemokratische Fraktion (S),,50,0,50,,,
"Bauern-, Gewerbe- und Bürgerfraktion (B)",,31,3,34,,,
Liberal-demokratische Fraktion (L),,6,1,7,,,
Sozialpolitische Fraktion (SPOL),,3,1,4,,,
ohne Fraktionsangehörigkeit,,4,1,5,,,
,,198,44,242,,,
,,,,,,,
18 June 1930,,,,,,,
,,,,,,,
Radikal-demokratische Fraktion (R),,58,20,78,,,
Katholisch-Konservative Fraktion (K),,46,17,63,,,
Sozialdemokratische Fraktion (S),,50,0,50,,,
"Bauern-, Gewerbe- und Bürgerfraktion (B)",,31,3,34,,,
Liberal-demokratische Fraktion (L),,6,1,7,,,
Sozialpolitische Fraktion (SPOL),,3,1,4,,,
ohne Fraktionsangehörigkeit,,4,1,5,,,
nicht besetzte Sitze,,0,1,1,,,
,,198,44,242,,,
,,,,,,,
27 December 1930,,,,,,,
,,,,,,,
Radikal-demokratische Fraktion (R),,58,19,77,,,
Katholisch-Konservative Fraktion (K),,46,18,64,,,
Sozialdemokratische Fraktion (S),,50,1,51,,,
"Bauern-, Gewerbe- und Bürgerfraktion (B)",,31,3,34,,,
Liberal-demokratische Fraktion (L),,6,1,7,,,
Sozialpolitische Fraktion (SPOL),,3,1,4,,,
ohne Fraktionsangehörigkeit,,4,1,5,,,
nicht besetzte Sitze,,0,0,0,,,
,,198,44,242,,,
,,,,,,,
19 June 1931,,,,,,,
,,,,,,,
Radikal-demokratische Fraktion (R),,58,19,77,,,
Katholisch-Konservative Fraktion (K),,46,18,64,,,
Sozialdemokratische Fraktion (S),,50,1,51,,,
"Bauern-, Gewerbe- und Bürgerfraktion (B)",,31,3,34,,,
Liberal-demokratische Fraktion (L),,6,1,7,,,
Sozialpolitische Fraktion (SPOL),,3,1,4,,,
ohne Fraktionsangehörigkeit,,4,1,5,,,
,,198,44,242,,,
,,,,,,,
23 December 1931,29. Leg.,,,,,,
,,,,,,,
Radikal-demokratische Fraktion (R),,52,19,71,,,
Katholisch-Konservative Fraktion (K),,44,18,62,,,
Sozialdemokratische Fraktion (S),,49,2,51,,,
"Bauern-, Gewerbe- und Bürgerfraktion (B)",,30,3,33,,,
Liberal-demokratische Fraktion (L),,6,1,7,,,
Sozialpolitische Fraktion (SPOL),,0,0,0,,,
ohne Fraktionsangehörigkeit,,6,1,7,,,
,,187,44,231,,,
,,,,,,,
16 June 1932,,,,,,,
,,,,,,,
,,,,,,,
Radikal-demokratische Fraktion (R),,52,18,70,,,
Katholisch-Konservative Fraktion (K),,44,18,62,,,
Sozialdemokratische Fraktion (S),,49,2,51,,,
"Bauern-, Gewerbe- und Bürgerfraktion (B)",,30,3,33,,,
Liberal-demokratische Fraktion (L),,6,1,7,,,
ohne Fraktionsangehörigkeit,,6,1,7,,,
nicht besetzte Sitze,,0,1,1,,,
,,187,44,231,,,
,,,,,,,
22 December 1932,,,,,,,
,,,,,,,
Radikal-demokratische Fraktion (R),,52,18,70,,,
Katholisch-Konservative Fraktion (K),,44,18,62,,,
Sozialdemokratische Fraktion (S),,49,2,51,,,
"Bauern-, Gewerbe- und Bürgerfraktion (B)",,30,3,33,,,
Liberal-demokratische Fraktion (L),,6,1,7,,,
ohne Fraktionsangehörigkeit,,6,1,7,,,
nicht besetzte Sitze,,0,1,1,,,
,,187,44,231,,,
,,,,,,,
15 June 1933,,,,,,,
,,,,,,,
Radikal-demokratische Fraktion (R),,52,18,70,,,
Katholisch-Konservative Fraktion (K),,43,19,62,,,
Sozialdemokratische Fraktion (S),,49,1,50,,,
"Bauern-, Gewerbe- und Bürgerfraktion (B)",,30,3,33,,,
Liberal-demokratische Fraktion (L),,6,2,8,,,
ohne Fraktionsangehörigkeit,,6,1,7,,,
nicht besetzte Sitze,,1,1,2,,,
,,187,45,232,,,
,,,,,,,
22 December 1933,,,,,,,
,,,,,,,
Radikal-demokratische Fraktion (R),,52,18,70,,,
Katholisch-Konservative Fraktion (K),,44,19,63,,,
Sozialdemokratische Fraktion (S),,48,1,49,,,
"Bauern-, Gewerbe- und Bürgerfraktion (B)",,30,3,33,,,
Liberal-demokratische Fraktion (L),,6,2,8,,,
ohne Fraktionsangehörigkeit,,6,1,7,,,
nicht besetzte Sitze,,1,0,1,,,
,,187,44,231,,,
,,,,,,,
18 June 1934,,,,,,,
,,,,,,,
Radikal-demokratische Fraktion (R),,52,17,69,,,
Katholisch-Konservative Fraktion (K),,44,19,63,,,
Sozialdemokratische Fraktion (S),,49,1,50,,,
"Bauern-, Gewerbe- und Bürgerfraktion (B)",,30,3,33,,,
Liberal-demokratische Fraktion (L),,6,2,8,,,
ohne Fraktionsangehörigkeit,,6,1,7,,,
nicht besetzte Sitze,,0,1,1,,,
,,187,44,231,,,
,,,,,,,
19 December 1934,,,,,,,
,,,,,,,
Radikal-demokratische Fraktion (R),,52,17,69,,,
Katholisch-Konservative Fraktion (K),,44,19,63,,,
Sozialdemokratische Fraktion (S),,49,1,50,,,
"Bauern-, Gewerbe- und Bürgerfraktion (B)",,30,3,33,,,
Liberal-demokratische Fraktion (L),,6,2,8,,,
ohne Fraktionsangehörigkeit,,6,2,8,,,
nicht besetzte Sitze,,0,0,0,,,
,,187,44,231,,,
,,,,,,,
14 June 1935,,,,,,,
,,,,,,,
Radikal-demokratische Fraktion (R),,52,16,68,,,
Katholisch-Konservative Fraktion (K),,43,19,62,,,
Sozialdemokratische Fraktion (S),,49,1,50,,,
"Bauern-, Gewerbe- und Bürgerfraktion (B)",,28,3,31,,,
Liberal-demokratische Fraktion (L),,6,2,8,,,
"ohne Fraktionszugehörigkeit (inkl. ""junge Bauern"")",,8,3,11,,,
nicht besetzte Sitze,,1,0,1,,,
,,187,44,231,,,
,,,,,,,
11 December 1935,30. Leg.,,,,,,
,,,,,,,
Radikal-demokratische Fraktion (R),,48,15,63,,,
Katholisch-Konservative Fraktion (K),,42,19,61,,,
Sozialdemokratische Fraktion (S),,50,3,53,,,
"Bauern-, Gewerbe- und Bürgerfraktion (B)",,21,3,24,,,
Liberal-demokratische Fraktion (L),,7,2,9,,,
Freie und demokratische Fraktion (DEM),,7,0,7,,,
unabhängige Fraktion (U),,7,0,7,,,
ohne Fraktionszugehörigkeit,,5,2,7,,,
,,187,44,231,,,
,,,,,,,
12 June 1936,,,,,,,
,,,,,,,
Radikal-demokratische Fraktion (R),,48,15,63,,,
Katholisch-Konservative Fraktion (K) ,,42,18,60,,,
Sozialdemokratische Fraktion (S),,50,3,53,,,
"Bauern-, Gewerbe- und Bürgerfraktion (B)",,21,3,24,,,
Liberal-demokratische Fraktion (L),,7,2,9,,,
Freie und demokratische Fraktion (DEM),,7,0,7,,,
unabhängige Fraktion (U),,7,0,7,,,
ohne Fraktionszugehörigkeit,,5,2,7,,,
nicht besetzte Sitze,,,1,1,,,
,,187,44,231,,,
,,,,,,,
17 December 1936,,,,,,,
,,,,,,,
Radikal-demokratische Fraktion (R),,48,15,63,,,
Katholisch-Konservative Fraktion (K),,42,18,60,,,
Sozialdemokratische Fraktion (S),,50,3,53,,,
"Bauern-, Gewerbe- und Bürgerfraktion (B)",,21,3,24,,,
Liberal-demokratische Fraktion (L),,7,2,9,,,
Freie und demokratische Fraktion (DEM),,7,0,7,,,
unabhängige Fraktion (U),,7,0,7,,,
ohne Fraktionszugehörigkeit,,5,3,8,,,
,,187,44,231,,,
,,,,,,,
30 June 1937,,,,,,,
,,,,,,,
Radikal-demokratische Fraktion (R),,48,15,63,,,
Katholisch-Konservative Fraktion (K),,42,18,60,,,
Sozialdemokratische Fraktion (S),,50,3,53,,,
"Bauern-, Gewerbe- und Bürgerfraktion (B)",,21,3,24,,,
Liberal-demokratische Fraktion (L),,7,2,9,,,
Freie und demokratische Fraktion (DEM),,7,0,7,,,
unabhängige Fraktion (U),,7,0,7,,,
ohne Fraktionszugehörigkeit,,5,3,8,,,
,,187,44,231,,,
,,,,,,,
23 December 1937,,,,,,,
,,,,,,,
Radikal-demokratische Fraktion (R),,48,15,63,,,
Katholisch-Konservative Fraktion (K),,42,18,60,,,
Sozialdemokratische Fraktion (S),,50,3,53,,,
"Bauern-, Gewerbe- und Bürgerfraktion (B)",,21,3,24,,,
Liberal-demokratische Fraktion (L),,7,2,9,,,
Freie und demokratische Fraktion (DEM),,7,0,7,,,
unabhängige Fraktion (U),,7,0,7,,,
ohne Fraktionszugehörigkeit,,5,3,8,,,
,,187,44,231,,,
,,,,,,,
21 June 1938,,,,,,,
,,,,,,,
Radikal-demokratische Fraktion (R),,48,15,63,,,
Katholisch-Konservative Fraktion (K),,42,18,60,,,
Sozialdemokratische Fraktion (S),,50,3,53,,,
"Bauern-, Gewerbe- und Bürgerfraktion (B)",,21,3,24,,,
Liberal-demokratische Fraktion (L),,7,2,9,,,
Freie und demokratische Fraktion (DEM),,7,0,7,,,
unabhängige Fraktion (U),,7,0,7,,,
ohne Fraktionszugehörigkeit,,5,3,8,,,
,,187,44,231,,,
,,,,,,,
31 December 1938,,,,,,,
,,,,,,,
Radikal-demokratische Fraktion (R),,48,15,63,,,
Katholisch-Konservative Fraktion (K),,42,18,60,,,
Sozialdemokratische Fraktion (S),,50,3,53,,,
"Bauern-, Gewerbe- und Bürgerfraktion (B)",,21,3,24,,,
Liberal-demokratische Fraktion (L),,7,2,9,,,
Freie und demokratische Fraktion (DEM),,7,0,7,,,
unabhängige Fraktion (U),,7,0,7,,,
ohne Fraktionszugehörigkeit,,5,3,8,,,
,,187,44,231,,,
,,,,,,,
30 June 1939,,,,,,,
,,,,,,,
Radikal-demokratische Fraktion (R),,48,15,63,,,
Katholisch-Konservative Fraktion (K),,42,18,60,,,
Sozialdemokratische Fraktion (S),,50,3,53,,,
"Bauern-, Gewerbe- und Bürgerfraktion (B)",,21,3,24,,,
Liberal-demokratische Fraktion (L),,7,2,9,,,
Freie und demokratische Fraktion (DEM),,7,0,7,,,
unabhängige Fraktion (U),,7,0,7,,,
ohne Fraktionszugehörigkeit,,5,3,8,,,
,,187,44,231,,,
,,,,,,,
27 December 1939,31. Leg.,,,,,,
,,,,,,,
Radikal-demokratische Fraktion (R),,51,14,65,,,
Katholisch-Konservative Fraktion (K),,43,18,61,,,
Sozialdemokratische Fraktion (S),,45,3,48,,,
"Bauern-, Gewerbe- und Bürgerfraktion (B)",,22,4,26,,,
Liberal-demokratische Fraktion (L),,6,2,8,,,
Freie und demokratische Fraktion (DEM),,6,0,6,,,
unabhängige Fraktion (U),,9,0,9,,,
ohne Fraktionszugehörigkeit,,5,3,8,,,
,,187,44,231,,,
,,,,,,,
30 June 1940,,,,,,,
,,,,,,,
Radikal-demokratische Fraktion (R),,51,14,65,,,
Katholisch-Konservative Fraktion (K),,43,18,61,,,
Sozialdemokratische Fraktion (S),,45,3,48,,,
"Bauern-, Gewerbe- und Bürgerfraktion (B)",,22,4,26,,,
Liberal-demokratische Fraktion (L),,6,2,8,,,
Freie und demokratische Fraktion (DEM),,6,1,7,,,
unabhängige Fraktion (U),,9,0,9,,,
ohne Fraktionszugehörigkeit,,5,2,7,,,
,,187,44,231,,,
,,,,,,,
30 June 1941,,,,,,,
,,,,,,,
Radikal-demokratische Fraktion (R),,51,14,65,,,
Katholisch-Konservative Fraktion (K),,43,18,61,,,
Sozialdemokratische Fraktion (S),,45,3,48,,,
"Bauern-, Gewerbe- und Bürgerfraktion (B)",,22,4,26,,,
Liberal-demokratische Fraktion (L),,6,2,8,,,
unabhängige Fraktion (U),,9,0,9,,,
ohne Fraktionszugehörigkeit,,11,3,14,,,
,,187,44,231,,,
,,,,,,,
31 December 1941,,,,,,,
,,,,,,,
Radikal-demokratische Fraktion (R),,50,14,64,,,
Katholisch-Konservative Fraktion (K),,43,18,61,,,
Sozialdemokratische Fraktion (S),,45,3,48,,,
"Bauern-, Gewerbe- und Bürgerfraktion (B)",,22,4,26,,,
Liberal-demokratische Fraktion (L),,7,2,9,,,
Freie und demokratische Fraktion (DEM),,6,2,8,,,
unabhängige Fraktion (U),,10,0,10,,,
ohne Fraktionszugehörigkeit,,4,1,5,,,
,,187,44,231,,,
,,,,,,,
30 June 1942,,,,,,,
,,,,,,,
Radikal-demokratische Fraktion (R),,49,14,63,,,
Katholisch-Konservative Fraktion (K),,43,18,61,,,
Sozialdemokratische Fraktion (S),,45,3,48,,,
"Bauern-, Gewerbe- und Bürgerfraktion (B)",,22,4,26,,,
Liberal-demokratische Fraktion (L),,8,2,10,,,
Demokratische Fraktion (D),,6,2,8,,,
unabhängige Fraktion (U),,10,0,10,,,
ohne Fraktionszugehörigkeit,,4,1,5,,,
,,187,44,231,,,
,,,,,,,
31 December 1942,,,,,,,
,,,,,,,
Radikal-demokratische Fraktion (R),,49,14,63,,,
Katholisch-Konservative Fraktion (K),,43,18,61,,,
Sozialdemokratische Fraktion (S),,45,3,48,,,
"Bauern-, Gewerbe- und Bürgerfraktion (B)",,22,4,26,,,
Liberal-demokratische Fraktion (L),,8,2,10,,,
Demokratische Fraktion (D),,6,2,8,,,
unabhängige Fraktion (U),,10,0,10,,,
ohne Fraktionszugehörigkeit,,4,3,7,,,
,,187,46,233,,,
,,,,,,,
30 June 1943,,,,,,,
,,,,,,,
Radikal-demokratische Fraktion (R),,49,14,63,,,
Katholisch-Konservative Fraktion (K),,43,19,62,,,
Sozialdemokratische Fraktion (S),,45,3,48,,,
"Bauern-, Gewerbe- und Bürgerfraktion (B)",,22,4,26,,,
Liberal-demokratische Fraktion (L),,8,2,10,,,
Demokratische Fraktion (D),,6,2,8,,,
unabhängige Fraktion (U),,10,0,10,,,
ohne Fraktionszugehörigkeit,,4,0,4,,,
,,187,44,231,,,
,,,,,,,
1 January 1944,32. Leg.,,,,,,
,,,,,,,
Radikal-demokratische Fraktion (R),,47,12,59,,,
Katholisch-Konservative Fraktion (K),,43,19,62,,,
Sozialdemokratische Fraktion (S),,56,5,61,,,
"Bauern-, Gewerbe- und Bürgerfraktion (B)",,22,4,26,,,
Liberal-demokratische Fraktion (L),,8,2,10,,,
Demokratische Fraktion (D),,6,2,8,,,
Fraktion des Landesrings (U),,5,0,5,,,
ohne Fraktionszugehörigkeit,,7,0,7,,,
,,194,44,238,,,
,,,,,,,
1 July 1944,,,,,,,
,,,,,,,
Radikal-demokratische Fraktion (R),,47,12,59,,,
Katholisch-Konservative Fraktion (K),,43,19,62,,,
Sozialdemokratische Fraktion (S),,54,5,59,,,
"Bauern-, Gewerbe- und Bürgerfraktion (B)",,22,4,26,,,
Liberal-demokratische Fraktion (L),,8,2,10,,,
Demokratische Fraktion (D),,6,2,8,,,
Fraktion des Landesrings (U),,5,0,5,,,
ohne Fraktionszugehörigkeit,,9,0,9,,,
,,194,44,238,,,
,,,,,,,
1 January 1945,,,,,,,
,,,,,,,
Radikal-demokratische Fraktion (R),,47,12,59,,,
Katholisch-Konservative Fraktion (K),,43,19,62,,,
Sozialdemokratische Fraktion (S),,54,5,59,,,
"Bauern-, Gewerbe- und Bürgerfraktion (B)",,22,4,26,,,
Liberal-demokratische Fraktion (L),,8,2,10,,,
Demokratische Fraktion (D),,6,2,8,,,
Fraktion des Landesrings (U),,5,0,5,,,
ohne Fraktionszugehörigkeit,,9,0,9,,,
,,194,44,238,,,
,,,,,,,
1 July 1945,,,,,,,
,,,,,,,
Radikal-demokratische Fraktion (R),,47,11,58,,,
Katholisch-Konservative Fraktion (K),,43,19,62,,,
Sozialdemokratische Fraktion (S),,54,6,60,,,
"Bauern-, Gewerbe- und Bürgerfraktion (B)",,22,4,26,,,
Liberal-demokratische Fraktion (L),,8,2,10,,,
Demokratische Fraktion (D),,6,2,8,,,
Fraktion des Landesrings (U),,5,0,5,,,
ohne Fraktionszugehörigkeit,,9,0,9,,,
,,194,44,238,,,
,,,,,,,
1 January 1946,,,,,,,
,,,,,,,
Radikal-demokratische Fraktion (R),,47,11,58,,,
Katholisch-Konservative Fraktion (K),,43,19,62,,,
Sozialdemokratische Fraktion (S),,54,6,60,,,
"Bauern-, Gewerbe- und Bürgerfraktion (B)",,22,4,26,,,
Liberal-demokratische Fraktion (L),,8,2,10,,,
Demokratische Fraktion (D),,6,2,8,,,
Fraktion des Landesrings (U),,5,0,5,,,
ohne Fraktionszugehörigkeit,,9,0,9,,,
,,194,44,238,,,
,,,,,,,
1 July 1946,,,,,,,
,,,,,,,
Radikal-demokratische Fraktion (R),,47,9,56,,,
Katholisch-Konservative Fraktion (K),,43,19,62,,,
Sozialdemokratische Fraktion (S),,54,6,60,,,
"Bauern-, Gewerbe- und Bürgerfraktion (B)",,22,4,26,,,
Liberal-demokratische Fraktion (L),,8,2,10,,,
Demokratische Fraktion (D),,6,2,8,,,
Fraktion des Landesrings (U),,6,0,6,,,
ohne Fraktionszugehörigkeit,,8,1,9,,,
,,0,1,1,,,
,,194,44,238,,,
,,,,,,,
1 January 1947,,,,,,,
,,,,,,,
Radikal-demokratische Fraktion (R),,47,10,57,,,
Katholisch-Konservative Fraktion (K),,43,18,61,,,
Sozialdemokratische Fraktion (S),,54,6,60,,,
"Bauern-, Gewerbe- und Bürgerfraktion (B)",,22,4,26,,,
Liberal-demokratische Fraktion (L),,8,2,10,,,
Demokratische Fraktion (D),,6,2,8,,,
Fraktion des Landesrings (U),,6,0,6,,,
ohne Fraktionszugehörigkeit,,8,1,9,,,
,,,1,,,,
,,194,44,238,,,
,,,,,,,
1-Jul-47,,,,,,,
,,,,,,,
Radikal-demokratische Fraktion (R),,47,10,57,,,
Katholisch-Konservative Fraktion (K),,43,18,61,,,
Sozialdemokratische Fraktion (S),,55,6,61,,,
"Bauern-, Gewerbe- und Bürgerfraktion (B)",,22,4,26,,,
Liberal-demokratische Fraktion (L),,8,2,10,,,
Demokratische Fraktion (D),,6,2,8,,,
Fraktion des Landesrings (U),,6,0,6,,,
ohne Fraktionszugehörigkeit,,7,2,9,,,
,,194,44,238,,,
,,,,,,,
1 January 1948,33. Leg.,,,,,,
,,,,,,,
Radikal-demokratische Fraktion (R),,52,11,63,,,
Katholisch-Konservative Fraktion (K),,44,18,62,,,
Sozialdemokratische Fraktion (S),,48,5,53,,,
"Bauern-, Gewerbe- und Bürgerfraktion (B)",,21,4,25,,,
Liberal-demokratische Fraktion (L),,7,2,9,,,
Demokratische Fraktion (D),,5,2,7,,,
Fraktion des Landesrings (U),,9,0,9,,,
Fraktion der Partei der Arbeit (T),,7,0,7,,,
ohne Fraktionszugehörigkeit,,1,2,3,,,
,,194,44,238,,,
,,,,,,,
1 July 1948,,,,,,,
,,,,,,,
Radikal-demokratische Fraktion (R),,52,11,63,,,
Katholisch-Konservative Fraktion (K),,44,18,62,,,
Sozialdemokratische Fraktion (S),,48,5,53,,,
"Bauern-, Gewerbe- und Bürgerfraktion (B)",,21,4,25,,,
Liberal-demokratische Fraktion (L),,7,2,9,,,
Demokratische Fraktion (D),,5,2,7,,,
Fraktion des Landesrings (U),,9,0,9,,,
Fraktion der Partei der Arbeit (T),,7,0,7,,,
ohne Fraktionszugehörigkeit,,1,2,3,,,
,,194,44,238,,,
,,,,,,,
1 January 1949,,,,,,,
,,,,,,,
Radikal-demokratische Fraktion (R),,52,11,63,,,
Katholisch-Konservative Fraktion (K),,44,18,62,,,
Sozialdemokratische Fraktion (S),,48,5,53,,,
"Bauern-, Gewerbe- und Bürgerfraktion (B)",,21,4,25,,,
Liberal-demokratische Fraktion (L),,7,2,9,,,
Demokratische Fraktion (D),,5,2,7,,,
Fraktion des Landesrings (U),,9,0,9,,,
Fraktion der Partei der Arbeit (T),,7,0,7,,,
ohne Fraktionszugehörigkeit,,1,2,3,,,
,,194,44,238,,,
,,,,,,,
1 July 1949,,,,,,,
,,,,,,,
Radikal-demokratische Fraktion (R),,52,11,63,,,
Katholisch-Konservative Fraktion (K),,44,18,62,,,
Sozialdemokratische Fraktion (S),,48,4,52,,,
"Bauern-, Gewerbe- und Bürgerfraktion (B)",,21,3,24,,,
Liberal-demokratische Fraktion (L),,7,3,10,,,
Demokratische Fraktion (D),,5,2,7,,,
Fraktion des Landesrings (U),,9,0,9,,,
Fraktion der Partei der Arbeit (T),,7,0,7,,,
ohne Fraktionszugehörigkeit,,1,2,3,,,
nicht besetzte Sitze,,0,1,1,,,
,,194,44,238,,,
,,,,,,,
1 January 1950,,,,,,,
,,,,,,,
Radikal-demokratische Fraktion (R),,52,11,63,,,
Katholisch-Konservative Fraktion (K),,44,17,61,,,
Sozialdemokratische Fraktion (S),,48,4,52,,,
"Bauern-, Gewerbe- und Bürgerfraktion (B)",,21,3,24,,,
Liberal-demokratische Fraktion (L),,7,3,10,,,
Demokratische Fraktion (D),,5,2,7,,,
Fraktion des Landesrings (U),,9,1,10,,,
Fraktion der Partei der Arbeit (T),,7,0,7,,,
ohne Fraktionszugehörigkeit,,1,2,3,,,
nicht besetzte Sitze,,,1,,,,
,,194,44,238,,,
,,,,,,,
1 July 1950,,,,,,,
,,,,,,,
,,,,,,,
Radikal-demokratische Fraktion (R),,52,11,63,,,
Katholisch-Konservative Fraktion (K),,44,18,62,,,
Sozialdemokratische Fraktion (S),,48,4,52,,,
"Bauern-, Gewerbe- und Bürgerfraktion (B)",,21,3,24,,,
Liberal-demokratische Fraktion (L),,7,3,10,,,
Demokratische Fraktion (D),,5,2,7,,,
Fraktion des Landesrings (U),,9,1,10,,,
Fraktion der Partei der Arbeit (T),,6,0,6,,,
ohne Fraktionszugehörigkeit,,2,2,4,,,
,,194,44,238,,,
,,,,,,,
1 January 1951,,,,,,,
,,,,,,,
Radikal-demokratische Fraktion (R),,52,11,63,,,
Katholisch-Konservative Fraktion (K),,44,18,62,,,
Sozialdemokratische Fraktion (S),,48,4,52,,,
"Bauern-, Gewerbe- und Bürgerfraktion (B)",,21,3,24,,,
Liberal-demokratische Fraktion (L),,7,3,10,,,
Demokratische Fraktion (D),,5,2,7,,,
Fraktion des Landesrings (U),,9,1,10,,,
Fraktion der Partei der Arbeit (T),,6,0,6,,,
ohne Fraktionszugehörigkeit,,2,2,4,,,
,,194,44,238,,,
,,,,,,,
1 July 1951,,,,,,,
,,,,,,,
Radikal-demokratische Fraktion (R),,52,11,63,,,
Katholisch-Konservative Fraktion (K),,44,18,62,,,
Sozialdemokratische Fraktion (S),,48,5,53,,,
"Bauern-, Gewerbe- und Bürgerfraktion (B)",,21,4,25,,,
Liberal-demokratische Fraktion (L),,7,2,9,,,
Demokratische Fraktion (D),,5,2,7,,,
Fraktion des Landesrings (U),,9,0,9,,,
Fraktion der Partei der Arbeit (T),,6,0,6,,,
ohne Fraktionszugehörigkeit,,2,2,4,,,
,,194,44,238,,,
,,,,,,,
1 January 1952,34. Leg.,,,,,,
,,,,,,,
Radikal-demokratische Fraktion (R),,51,12,63,,,
Katholisch-Konservative Fraktion (K),,48,18,66,,,
Sozialdemokratische Fraktion (S),,49,4,53,,,
"Bauern-, Gewerbe- und Bürgerfraktion (B)",,23,3,26,,,
Liberal-demokratische Fraktion (L),,5,3,8,,,
Demokratische und evangelische Fraktion (D),,5,2,7,,,
Fraktion des Landesrings (U),,10,0,10,,,
ohne Fraktionszugehörigkeit,,5,2,7,,,
,,196,44,240,,,
,,,,,,,
1 July 1952,,,,,,,
,,,,,,,
Radikal-demokratische Fraktion (R),,51,12,63,,,
Katholisch-Konservative Fraktion (K),,48,18,66,,,
Sozialdemokratische Fraktion (S),,49,4,53,,,
"Bauern-, Gewerbe- und Bürgerfraktion (B)",,23,3,26,,,
Liberal-demokratische Fraktion (L),,5,3,8,,,
Demokratische und evangelische Fraktion (D),,5,2,7,,,
Fraktion des Landesrings (U),,10,0,10,,,
Fraktion der Partei der Arbeit (T),,5,0,5,,,
ohne Fraktionszugehörigkeit,,0,2,2,,,
,,196,44,240,,,
,,,,,,,
1 January 1953,,,,,,,
,,,,,,,
Radikal-demokratische Fraktion (R),,51,12,63,,,
Katholisch-Konservative Fraktion (K),,48,18,66,,,
Sozialdemokratische Fraktion (S),,49,4,53,,,
"Bauern-, Gewerbe- und Bürgerfraktion (B)",,23,3,26,,,
Liberal-demokratische Fraktion (L),,5,3,8,,,
Demokratische und evangelische Fraktion (D),,5,2,7,,,
Fraktion des Landesrings (U),,10,0,10,,,
ohne Fraktionszugehörigkeit,,5,2,7,,,
,,196,44,240,,,
,,,,,,,
1 July 1953,,,,,,,
,,,,,,,
Radikal-demokratische Fraktion (R),,51,12,63,,,
Katholisch-Konservative Fraktion (K),,48,18,66,,,
Sozialdemokratische Fraktion (S),,49,4,53,,,
"Bauern-, Gewerbe- und Bürgerfraktion (B)",,23,3,26,,,
Liberal-demokratische Fraktion (L),,5,3,8,,,
Demokratische und evangelische Fraktion (D),,5,2,7,,,
Fraktion des Landesrings (U),,10,0,10,,,
ohne Fraktionszugehörigkeit,,5,2,7,,,
,,196,44,240,,,
,,,,,,,
1 January 1954,,,,,,,
,,,,,,,
Radikal-demokratische Fraktion (R),,51,12,63,,,
Katholisch-Konservative Fraktion (K),,48,18,66,,,
Sozialdemokratische Fraktion (S),,49,4,53,,,
"Bauern-, Gewerbe- und Bürgerfraktion (B)",,23,3,26,,,
Liberal-demokratische Fraktion (L),,5,3,8,,,
Demokratische und evangelische Fraktion (D),,5,2,7,,,
Fraktion des Landesrings (U),,10,0,10,,,
ohne Fraktionszugehörigkeit,,5,2,7,,,
,,196,44,240,,,
,,,,,,,
1 January 1955,,,,,,,
,,,,,,,
Radikal-demokratische Fraktion (R),,51,12,63,,,
Katholisch-Konservative Fraktion (K),,48,18,66,,,
Sozialdemokratische Fraktion (S),,49,4,53,,,
"Bauern-, Gewerbe- und Bürgerfraktion (B)",,23,3,26,,,
Liberal-demokratische Fraktion (L),,5,3,8,,,
Demokratische und evangelische Fraktion (D),,5,2,7,,,
Fraktion des Landesrings (U),,10,0,10,,,
ohne Fraktionszugehörigkeit,,5,2,7,,,
,,196,44,240,,,
,,,,,,,
1 January 1956,35. Leg.,,,,,,
,,,,,,,
Radikal-demokratische Fraktion (R),,50,12,62,,,
Katholisch-Konservative Fraktion (K),,47,17,64,,,
Sozialdemokratische Fraktion (S),,53,5,58,,,
"Bauern-, Gewerbe- und Bürgerfraktion (B)",,22,3,25,,,
Liberal-demokratische Fraktion (L),,5,3,8,,,
Demokratische und evangelische Fraktion (D),,5,2,7,,,
Fraktion des Landesrings (U),,10,0,10,,,
ohne Fraktionszugehörigkeit,,4,2,6,,,
,,196,44,240,,,
,,,,,,,
1 January 1957,,,,,,,
,,,,,,,
Radikal-demokratische Fraktion (R),,50,12,62,,,
Katholisch-Konservative Fraktion (K),,47,17,64,,,
Sozialdemokratische Fraktion (S),,53,5,58,,,
"Bauern-, Gewerbe- und Bürgerfraktion (B)",,22,3,25,,,
Liberal-demokratische Fraktion (L),,5,3,8,,,
Demokratische und evangelische Fraktion (D),,5,2,7,,,
Fraktion des Landesrings (U),,10,0,10,,,
ohne Fraktionszugehörigkeit,,4,2,6,,,
,,196,44,240,,,
,,,,,,,
1 January 1958,,,,,,,
,,,,,,,
Radikal-demokratische Fraktion (R),,50,12,62,,,
Konservativ-christlichsoziale Fraktion (K),,47,17,64,,,
Sozialdemokratische Fraktion (S),,53,5,58,,,
"Bauern-, Gewerbe- und Bürgerfraktion (B)",,22,3,25,,,
Liberal-demokratische Fraktion (L),,5,3,8,,,
Demokratische und evangelische Fraktion (D),,5,2,7,,,
Fraktion des Landesrings (U),,10,0,10,,,
ohne Fraktionszugehörigkeit,,4,2,6,,,
,,196,44,240,,,
,,,,,,,
1 January 1959,,,,,,,
,,,,,,,
Radikal-demokratische Fraktion (R),,50,12,62,,,
Konservativ-christlichsoziale Fraktion (K),,47,17,64,,,
Sozialdemokratische Fraktion (S),,53,5,58,,,
"Bauern-, Gewerbe- und Bürgerfraktion (B)",,22,3,25,,,
Liberal-demokratische Fraktion (L),,5,3,8,,,
Demokratische und evangelische Fraktion (D),,5,2,7,,,
Fraktion des Landesrings (U),,10,0,10,,,
ohne Fraktionszugehörigkeit,,4,2,6,,,
,,196,44,240,,,
,,,,,,,
1 May 1960,36. Leg.,,,,,,
,,,,,,,
Radikal-demokratische Fraktion (R),,51,14,65,,,
Konservativ-christlichsoziale Fraktion (K),,47,17,64,,,
Sozialdemokratische Fraktion (S),,51,2,53,,,
"Bauern-, Gewerbe- und Bürgerfraktion (B)",,23,4,27,,,
Fraktion des Landesrings (U),,10,0,10,,,
Liberal-demokratische Fraktion (L),,5,3,8,,,
Demokratische und evangelische Fraktion (D),,6,1,7,,,
ohne Fraktionszugehörigkeit,,3,3,6,,,
,,196,44,240,,,
,,,,,,,
1 January 1961,,,,,,,
,,,,,,,
Radikal-demokratische Fraktion (R),,51,14,65,,,
Konservativ-christlichsoziale Fraktion (K),,47,18,65,,,
Sozialdemokratische Fraktion (S),,51,2,53,,,
"Bauern-, Gewerbe- und Bürgerfraktion (B)",,23,4,27,,,
Fraktion des Landesrings (U),,10,0,10,,,
Liberal-demokratische Fraktion (L),,5,3,8,,,
Demokratische und evangelische Fraktion (D),,6,1,7,,,
ohne Fraktionszugehörigkeit,,3,2,5,,,
,,196,44,240,,,
,,,,,,,
1 January 1962,,,,,,,
,,,,,,,
Radikal-demokratische Fraktion (R),,51,14,65,,,
Konservativ-christlichsoziale Fraktion (K),,47,18,65,,,
Sozialdemokratische Fraktion (S),,51,2,53,,,
"Bauern-, Gewerbe- und Bürgerfraktion (B)",,23,4,27,,,
Fraktion des Landesrings (U),,10,0,10,,,
Liberal-demokratische Fraktion (L),,5,3,8,,,
Demokratische und evangelische Fraktion (D),,6,1,7,,,
ohne Fraktionszugehörigkeit,,3,2,5,,,
,,196,44,240,,,
,,,,,,,
1 January 1963,,,,,,,
,,,,,,,
Radikal-demokratische Fraktion (R),,51,14,65,,,
Konservativ-christlichsoziale Fraktion (K),,47,18,65,,,
Sozialdemokratische Fraktion (S),,51,2,53,,,
"Bauern-, Gewerbe- und Bürgerfraktion (B)",,23,4,27,,,
Fraktion des Landesrings (U),,10,0,10,,,
Liberal-demokratische Fraktion (L),,5,3,8,,,
Demokratische und evangelische Fraktion (D),,6,3,9,,,
ohne Fraktionszugehörigkeit,,3,0,3,,,
,,196,44,240,,,
,,,,,,,
1 January 1964,37e lég.,,,,,,
,,,,,,,
Konservativ-christlichsoziale Fraktion (K),,48,18,66,,,
Radikal-demokratische Fraktion (R),,51,13,64,,,
Sozialdemokratische Fraktion (S),,53,3,56,,,
"Bauern-, Gewerbe- und Bürgerfraktion (B)",,22,4,26,,,
Fraktion des Landesrings (U),,10,0,10,,,
Liberal-demokratische Fraktion (L),,6,3,9,,,
Demokratische und evangelische Fraktion (D),,6,3,9,,,
ohne Fraktionszugehörigkeit,,4,0,4,,,
,,200,44,244,,,
,,,,,,,
1 January 1965,,,,,,,
,,,,,,,
Konservativ-christlichsoziale Fraktion (K),,48,18,66,,,
Radikal-demokratische Fraktion (R),,51,13,64,,,
Sozialdemokratische Fraktion (S),,53,3,56,,,
"Bauern-, Gewerbe- und Bürgerfraktion (B)",,22,4,26,,,
Fraktion des Landesrings (U),,10,0,10,,,
Liberal-demokratische Fraktion (L),,6,3,9,,,
Demokratische und evangelische Fraktion (D),,5,3,8,,,
ohne Fraktionszugehörigkeit,,5,0,5,,,
,,200,44,244,,,
,,,,,,,
1 January 1966,,,,,,,
,,,,,,,
Konservativ-christlichsoziale Fraktion (K),,48,18,66,,,
Radikal-demokratische Fraktion (R),,51,13,64,,,
Sozialdemokratische Fraktion (S),,53,3,56,,,
"Bauern-, Gewerbe- und Bürgerfraktion (B)",,22,4,26,,,
Fraktion des Landesrings (U),,10,0,10,,,
Liberal-demokratische Fraktion (L),,6,3,9,,,
Demokratische und evangelische Fraktion (D),,5,3,8,,,
ohne Fraktionszugehörigkeit,,5,0,5,,,
,,200,44,244,,,
,,,,,,,
1 January 1967,,,,,,,
,,,,,,,
Konservativ-christlichsoziale Fraktion (K),,48,18,66,,,
Radikal-demokratische Fraktion (R),,51,13,64,,,
Sozialdemokratische Fraktion (S),,53,3,56,,,
"Bauern-, Gewerbe- und Bürgerfraktion (B)",,22,4,26,,,
Fraktion des Landesrings (U),,10,0,10,,,
Liberal-demokratische Fraktion (L),,6,3,9,,,
Demokratische und evangelische Fraktion (D),,5,3,8,,,
ohne Fraktionszugehörigkeit,,5,0,5,,,
,,200,44,244,,,
,,,,,,,
1 January 1968,38. Leg.,,,,,,
,,,,,,,
Konservativ-christlichsoziale Fraktion (K),,45,18,63,,,
Radikal-demokratische Fraktion (R),,49,14,63,,,
Sozialdemokratische Fraktion (S),,51,2,53,,,
"Bauern-, Gewerbe- und Bürgerfraktion (B)",,21,3,24,,,
Fraktion des Landesrings (U),,16,1,17,,,
Liberal-demokratische Fraktion (L),,6,3,9,,,
Demokratische und evangelische Fraktion (D),,6,3,9,,,
Fraktion der Partei der Arbeit (T),,5,0,5,,,
ohne Fraktionszugehörigkeit,,1,0,1,,,
,,200,44,244,,,
,,,,,,,
1 January 1969,,,,,,,
,,,,,,,
Konservativ-christlichsoziale Fraktion (K),,45,18,63,,,
Radikal-demokratische Fraktion (R),,49,15,64,,,
Sozialdemokratische Fraktion (S),,51,2,53,,,
"Bauern-, Gewerbe- und Bürgerfraktion (B)",,21,3,24,,,
Fraktion des Landesrings (U),,16,1,17,,,
Liberal-demokratische Fraktion (L),,6,3,9,,,
Demokratische und evangelische Fraktion (D),,6,2,8,,,
Fraktion der Partei der Arbeit (T),,5,0,5,,,
ohne Fraktionszugehörigkeit,,1,0,1,,,
,,200,44,244,,,
,,,,,,,
1 January 1970,,,,,,,
,,,,,,,
Konservativ-christlichsoziale Fraktion (K),,45,18,63,,,
Radikal-demokratische Fraktion (R),,49,15,64,,,
Sozialdemokratische Fraktion (S),,51,2,53,,,
"Bauern-, Gewerbe- und Bürgerfraktion (B)",,21,3,24,,,
Fraktion des Landesrings (U),,16,1,17,,,
Liberal-demokratische Fraktion (L),,6,3,9,,,
Demokratische und evangelische Fraktion (D),,6,2,8,,,
Fraktion der Partei der Arbeit (T),,5,0,5,,,
ohne Fraktionszugehörigkeit,,1,0,1,,,
,,200,44,244,,,
,,,,,,,
1 January 1971,,,,,,,
,,,,,,,
Christlichdemokratische Fraktion (C),,45,17,62,,,
Radikal-demokratische Fraktion (R),,49,16,65,,,
Sozialdemokratische Fraktion (S),,51,2,53,,,
"Bauern-, Gewerbe- und Bürgerfraktion (B)",,21,3,24,,,
Fraktion des Landesrings (U),,16,1,17,,,
Liberal-demokratische Fraktion (L),,6,3,9,,,
Demokratische und evangelische Fraktion (D),,6,2,8,,,
Fraktion der Partei der Arbeit (T),,5,0,5,,,
ohne Fraktionszugehörigkeit,,1,0,1,,,
,,200,44,244,,,
,,,,,,,
1 January 1972,39. Leg.,,,,,,
,,,,,,,
Radikal-demokratische Fraktion (R),,49,15,64,,,
Christlichdemokratische Fraktion (C),,44,17,61,,,
Sozialdemokratische Fraktion (S),,46,4,50,,,
Fraktion der Schweizerischen Volkspartei (V),,23,5,28,,,
Fraktion des Landesrings (U),,13,1,14,,,
Liberale und evangelische Fraktion (L),,9,2,11,,,
Fraktion der Republikaner (P),,7,0,7,,,
Fraktion der Partei der Arbeit (T),,5,0,5,,,
ohne Fraktionszugehörigkeit,,4,0,4,,,
,,200,44,244,,,
,,,,,,,
1 January 1973,,,,,,,
,,,,,,,
Radikal-demokratische Fraktion (R),,49,15,64,,,
Christlichdemokratische Fraktion (C),,44,17,61,,,
Sozialdemokratische Fraktion (S),,46,4,50,,,
Fraktion der Schweizerischen Volkspartei (V),,23,5,28,,,
Fraktion des Landesrings (U),,13,1,14,,,
Liberale und evangelische Fraktion (L),,9,2,11,,,
Republikanische und nationale Fraktion (P),,11,0,11,,,
Fraktion der Partei der Arbeit (T),,5,0,5,,,
ohne Fraktionszugehörigkeit,,0,0,0,,,
,,200,44,244,,,
,,,,,,,
1 January 1974,,,,,,,
,,,,,,,
Radikal-demokratische Fraktion (R),,49,15,64,,,
Christlichdemokratische Fraktion (C),,44,17,61,,,
Sozialdemokratische Fraktion (S),,46,4,50,,,
Fraktion der Schweizerischen Volkspartei (V),,23,5,28,,,
Fraktion des Landesrings (U),,13,1,14,,,
Liberale und evangelische Fraktion (L),,9,2,11,,,
Republikanische und nationale Fraktion (P),,11,0,11,,,
Fraktion der Partei der Arbeit (T),,5,0,5,,,
ohne Fraktionszugehörigkeit,,0,0,0,,,
,,200,44,244,,,
,,,,,,,
1 January 1975,,,,,,,
,,,,,,,
Radikal-demokratische Fraktion (R),,49,15,64,,,
Christlichdemokratische Fraktion (C),,44,17,61,,,
Sozialdemokratische Fraktion (S),,46,4,50,,,
Fraktion der Schweizerischen Volkspartei (V),,23,5,28,,,
Fraktion des Landesrings (U),,13,1,14,,,
Liberale und evangelische Fraktion (L),,9,2,11,,,
Republikanische und nationale Fraktion (P),,7,0,7,,,
Fraktion der Partei der Arbeit (T),,5,0,5,,,
ohne Fraktionszugehörigkeit,,4,0,4,,,
,,200,44,244,,,
,,,,,,,
1 January 1976,40. Leg.,,,,,,
,,,,,,,
Christlichdemokratische Fraktion (C),,46,17,63,,,
Freisinnig-demokratische Fraktion (R),,47,15,62,,,
Sozialdemokratische Fraktion (S),,55,5,60,,,
Fraktion der Schweizerischen Volkspartei (V),,21,5,26,,,
Fraktion des Landesrings (U),,11,1,12,,,
Liberale und evangelische Fraktion (L),,9,1,10,,,
Partei der Arbeit u. autonome sozialist. Partei (T),,5,0,5,,,
ohne Fraktionszugehörigkeit,,6,0,6,,,
,,200,44,244,,,
,,,,,,,
1 January 1977,,,,,,,
,,,,,,,
Christlichdemokratische Fraktion (C),,46,17,63,,,
Freisinnig-demokratische Fraktion (R),,47,15,62,,,
Sozialdemokratische Fraktion (S),,55,5,60,,,
Fraktion der Schweizerischen Volkspartei (V),,21,5,26,,,
Fraktion des Landesrings (U),,11,1,12,,,
Liberale und evangelische Fraktion (L),,9,1,10,,,
Partei der Arbeit u. autonome sozialist. Partei (T),,5,0,5,,,
ohne Fraktionszugehörigkeit,,6,0,6,,,
,,200,44,244,,,
,,,,,,,
1 January 1978,,,,,,,
,,,,,,,
Christlichdemokratische Fraktion (C),,46,17,63,,,
Freisinnig-demokratische Fraktion (R),,47,14,61,,,
Sozialdemokratische Fraktion (S),,55,6,61,,,
Fraktion der Schweizerischen Volkspartei (V),,21,5,26,,,
Fraktion des Landesrings (U),,11,1,12,,,
Liberale und evangelische Fraktion (L),,9,1,10,,,
Partei der Arbeit u. autonome sozialist. Partei (T),,5,0,5,,,
ohne Fraktionszugehörigkeit,,6,0,6,,,
,,200,44,244,,,
,,,,,,,
1 January 1979,,,,,,,
,,,,,,,
Christlichdemokratische Fraktion (C),,46,17,63,,,
Freisinnig-demokratische Fraktion (R),,47,14,61,,,
Sozialdemokratische Fraktion (S),,55,7,62,,,
Fraktion der Schweizerischen Volkspartei (V),,21,4,25,,,
Fraktion des Landesrings (U),,11,1,12,,,
Liberale und evangelische Fraktion (L),,9,1,10,,,
Partei der Arbeit u. autonome sozialist. Partei (T),,5,0,5,,,
ohne Fraktionszugehörigkeit,,6,0,6,,,
,,200,44,244,,,
,,,,,,,
1 January 1980,41. Leg.,,,,,,
,,,,,,,
Freisinnig-demokratische Fraktion (R),,51,11,62,,,
Christlichdemokratische Fraktion (C),,44,18,62,,,
Sozialdemokratische Fraktion (S),,51,9,60,,,
Fraktion der Schweizerischen Volkspartei (V),,23,5,28,,,
Unabhängige und evangelische Fraktion (UE),,11,0,11,,,
Liberale Fraktion (L),,8,3,11,,,
"Fraktion der PdA, PSA, POCH (T)",,7,0,7,,,
ohne Fraktionszugehörigkeit,,5,0,5,,,
,,200,46,246,,,
,,,,,,,
1 January 1981,,,,,,,
,,,,,,,
Freisinnig-demokratische Fraktion (R),,51,11,62,,,
Christlichdemokratische Fraktion (C),,44,18,62,,,
Sozialdemokratische Fraktion (S),,51,9,60,,,
Fraktion der Schweizerischen Volkspartei (V),,23,5,28,,,
Unabhängige und evangelische Fraktion (UE),,11,0,11,,,
Liberale Fraktion (L),,8,3,11,,,
"Fraktion der PdA, PSA, POCH (T)",,7,0,7,,,
ohne Fraktionszugehörigkeit,,5,0,5,,,
,,200,46,246,,,
,,,,,,,
1 January 1982,,,,,,,
,,,,,,,
Freisinnig-demokratische Fraktion (R),,51,11,62,,,
Christlichdemokratische Fraktion (C),,44,18,62,,,
Sozialdemokratische Fraktion (S),,51,9,60,,,
Fraktion der Schweizerischen Volkspartei (V),,23,5,28,,,
Unabhängige und evangelische Fraktion (UE),,11,0,11,,,
Liberale Fraktion (L),,8,3,11,,,
"Fraktion der PdA, PSA, POCH (T)",,7,0,7,,,
ohne Fraktionszugehörigkeit,,5,0,5,,,
,,200,46,246,,,
,,,,,,,
1 January 1983,,,,,,,
,,,,,,,
Freisinnig-demokratische Fraktion (R),,51,11,62,,,
Christlichdemokratische Fraktion (C),,44,18,62,,,
Sozialdemokratische Fraktion (S),,51,9,60,,,
Fraktion der Schweizerischen Volkspartei (V),,23,5,28,,,
Unabhängige und evangelische Fraktion (UE),,11,0,11,,,
Liberale Fraktion (L),,8,3,11,,,
"Fraktion der PdA, PSA, POCH (T)",,7,0,7,,,
ohne Fraktionszugehörigkeit,,5,0,5,,,
,,200,46,246,,,
,,,,,,,
1 January 1984,42. Leg.,,,,,,
,,,,,,,
Freisinnig-demokratische Fraktion (R),,54,14,68,,,
Christlichdemokratische Fraktion (C),,42,18,60,,,
Sozialdemokratische Fraktion (S),,47,6,53,,,
Fraktion der Schweizerischen Volkspartei (V),,23,5,28,,,
LdU/EVP-Fraktion (U),,12,0,12,,,
Liberale Fraktion (L),,8,3,11,,,
"Fraktion der PdA, PSA, POCH (T)",,5,0,5,,,
Fraktion der Nationalen Aktion / Vigilants (N),,5,0,5,,,
ohne Fraktionszugehörigkeit,,4,0,4,,,
,,200,46,246,,,
,,,,,,,
1 January 1985,,,,,,,
,,,,,,,
Freisinnig-demokratische Fraktion (R),,54,14,68,,,
Christlichdemokratische Fraktion (C),,42,18,60,,,
Sozialdemokratische Fraktion (S),,47,6,53,,,
Fraktion der Schweizerischen Volkspartei (V),,23,5,28,,,
LdU/EVP-Fraktion (U),,12,0,12,,,
Liberale Fraktion (L),,8,3,11,,,
"Fraktion der PdA, PSA, POCH (T)",,5,0,5,,,
Fraktion der Nationalen Aktion / Vigilants (N),,5,0,5,,,
ohne Fraktionszugehörigkeit,,4,0,4,,,
,,200,46,246,,,
,,,,,,,
1 January 1986,,,,,,,
,,,,,,,
Freisinnig-demokratische Fraktion (R),,54,14,68,,,
Christlichdemokratische Fraktion (C),,42,18,60,,,
Sozialdemokratische Fraktion (S),,47,6,53,,,
Fraktion der Schweizerischen Volkspartei (V),,23,5,28,,,
LdU/EVP-Fraktion (U),,12,0,12,,,
Liberale Fraktion (L),,8,3,11,,,
"Fraktion der PdA, PSA, POCH (T)",,5,0,5,,,
Fraktion der Nationalen Aktion / Vigilants (N),,5,0,5,,,
ohne Fraktionszugehörigkeit,,4,0,4,,,
,,200,46,246,,,
,,,,,,,
1 January 1987,,,,,,,
,,,,,,,
Freisinnig-demokratische Fraktion (R),,54,14,68,,,
Christlichdemokratische Fraktion (C),,42,18,60,,,
Sozialdemokratische Fraktion (S),,47,6,53,,,
Fraktion der Schweizerischen Volkspartei (V),,23,5,28,,,
LdU/EVP-Fraktion (U),,13,0,13,,,
Liberale Fraktion (L),,8,3,11,,,
"Fraktion der PdA, PSA, POCH (T)",,5,0,5,,,
Fraktion der Nationalen Aktion / Vigilants (N),,0,0,0,,,
ohne Fraktionszugehörigkeit,,8,0,8,,,
,,200,46,246,,,
,,,,,,,
1 January 1988,43. Leg.,,,,,,
,,,,,,,
Freisinnig-demokratische Fraktion (R),,51,14,65,,,
Christlichdemokratische Fraktion (C),,42,19,61,,,
Sozialdemokratische Fraktion (S),,42,5,47,,,
Fraktion der Schweizerischen Volkspartei (V),,25,4,29,,,
LdU/EVP-Fraktion (U),,12,1,13,,,
Liberale Fraktion (L),,9,3,12,,,
Grüne Fraktion (G),,9,0,9,,,
ohne Fraktionszugehörigkeit,,10,0,10,,,
,,200,46,246,,,
,,,,,,,
1 January 1992,44. Leg.,,,,,,
,,,,,,,
Freisinnig-demokratische Fraktion (R),,44,18,62,,,
Christlichdemokratische Fraktion (C),,37,16,53,,,
Sozialdemokratische Fraktion (S),,43,3,46,,,
Fraktion der Schweizerischen Volkspartei (V),,25,4,29,,,
LdU/EVP-Fraktion (U),,9,1,10,,,
Liberale Fraktion (L),,10,3,13,,,
Grüne Fraktion (G),,14,0,14,,,
Fraktion der Autopartei (A),,8,0,8,,,
Fraktion Schweizer Demokraten u. Lega (D),,7,1,8,,,
ohne Fraktionszugehörigkeit,,3,0,3,,,
,,200,46,246,,,
,,,,,,,
1 January 1995,45. Leg.,,,,,,
,,,,,,,
Freisinnig-demokratische Fraktion (R),,45,17,62,,,
Christlichdemokratische Fraktion (C),,34,16,50,,,
Sozialdemokratische Fraktion (S),,58,5,63,,,
Fraktion der Schweizerischen Volkspartei (V),,29,5,34,,,
LdU/EVP-Fraktion (U),,5,1,6,,,
Liberale Fraktion (L),,7,2,9,,,
Grüne Fraktion (G),,10,0,10,,,
Fraktion der Freiheitspartei (F),,8,0,8,,,
Fraktion Schweizer Demokraten u. Lega (D),,0,0,0,,,
ohne Fraktionszugehörigkeit,,4,0,4,,,
,,200,46,246,,,
1 January 1997,,,,,,,
,,,,,,,
Freisinnig-demokratische Fraktion (R),,44,17,61,,,
Christlichdemokratische Fraktion (C),,34,16,50,,,
Sozialdemokratische Fraktion (S),,58,5,63,,,
Fraktion der Schweizerischen Volkspartei (V),,30,5,35,,,
LdU/EVP-Fraktion (U),,5,1,6,,,
Liberale Fraktion (L),,7,2,9,,,
Grüne Fraktion (G),,10,0,10,,,
Fraktion der Freiheitspartei (F),,6,0,6,,,
Fraktion Schweizer Demokraten u. Lega (D),,5,0,5,,,
ohne Fraktionszugehörigkeit,,1,0,1,,,
,,200,46,246,,,
,,,,,,,
1999 bis Ende der Legislatur,,,,,,,
,,,,,,,
Freisinnig-demokratische Fraktion (R),,44,17,61,,,
Christlichdemokratische Fraktion (C),,34,15,49,,,
Sozialdemokratische Fraktion (S),,57,5,62,,,
Fraktion der Schweizerischen Volkspartei (V),,31,7,38,,,
LdU/EVP-Fraktion (U),,6,0,6,,,
Liberale Fraktion (L),,7,2,9,,,
Grüne Fraktion (G),,11,0,11,,,
Fraktion der Freiheitspartei (F),,9,0,9,,,
ohne Fraktionszugehörigkeit,,1,0,1,,,
,,200,46,246,,,
,,,,,,,
1 January 2000,46. Leg.,,,,,,
,,,,,,,
Freisinnig-demokratische Fraktion (R),,43,18,61,,,
Christlichdemokratische Fraktion (C),,35,15,50,,,
Sozialdemokratische Fraktion (S),,53,6,59,,,
Fraktion der Schweizerischen Volkspartei (V),,44,7,51,,,
Evangelische und Unabhängige Fraktion (E),,5,0,5,,,
Liberale Fraktion (L),,6,0,6,,,
Grüne Fraktion (G),,10,0,10,,,
ohne Fraktionszugehörigkeit,,4,0,4,,,
,,200,46,246,,,
,,,,,,,
01.01.2002 bis zum Ende der Legislatur,,,,,,,
,,,,,,,
Freisinnig-demokratische Fraktion (R),,42,18,60,,,
Christlichdemokratische Fraktion (C),,35,15,50,,,
Sozialdemokratische Fraktion (S),,52,6,58,,,
Fraktion der Schweizerischen Volkspartei (V),,45,7,52,,,
Evangelische und Unabhängige Fraktion (E),,5,0,5,,,
Liberale Fraktion (L),,6,0,6,,,
Grüne Fraktion (G),,10,0,10,,,
ohne Fraktionszugehörigkeit,,5,0,5,,,
,,200,46,246,,,
,,,,,,,
,,,,,,,
1 January 2004,47. Leg.,,,,,,
Fraktion FDP-Liberale (RL),,40,14,54,,,
Christlichdemokratische Fraktion (C),,28,15,43,,,
Sozialdemokratische Fraktion (S),,52,9,61,,,
Fraktion der Schweizerischen Volkspartei (V),,56,8,64,,,
EVP/EDU-Fraktion (E),,5,0,5,,,
Grüne Fraktion (G),,15,0,15,,,
ohne Fraktionszugehörigkeit,,4,0,4,,,
,,200,46,246,,,
,,,,,,,
18.04.2004 bis zum Ende der Legislatur,,,,,,,
,,,,,,,
Fraktion FDP-Liberale (RL),,40,14,54,,,
Christlichdemokratische Fraktion (C),,28,15,43,,,
Sozialdemokratische Fraktion (S),,52,9,61,,,
Fraktion der Schweizerischen Volkspartei (V),,56,8,64,,,
EVP/EDU-Fraktion (E),,5,0,5,,,
Grüne Fraktion (G),,14,0,14,,,
ohne Fraktionszugehörigkeit,,5,0,5,,,
,,200,46,246,,,
,,,,,,,
,,,,,,,
1 January 2008,48. Leg.,,,,,,
Fraktion FDP-Liberale (RL),,35,12,47,,,
CVP/EVP/glp (CEg),,36,16,52,,,
Sozialdemokratische Fraktion (S),,43,9,52,,,
Fraktion der Schweizerischen Volkspartei (V),,64,7,71,,,
Grüne Fraktion (G),,22,2,24,,,
,,200,46,246,,,
,,,,,,,
18.12.2007-15.09. 2008,,,,,,,
,,,,,,,
Fraktion FDP-Liberale (RL),,35,12,47,,,
CVP/EVP/glp (CEg),,36,16,52,,,
Sozialdemokratische Fraktion (S),,43,9,52,,,
Fraktion der Schweizerischen Volkspartei (V),,63,7,70,,,
Grüne Fraktion (G),,22,2,24,,,
ohne Fraktionszugehörigkeit,,1,0,1,,,
,,200,46,246,,,
,,,,,,,
15.09.2008-02.03.2009,,,,,,,
,,,,,,,
Fraktion FDP-Liberale (RL),,35,12,47,,,
CVP/EVP/glp (CEg),,36,16,52,,,
Sozialdemokratische Fraktion (S),,43,9,52,,,
Fraktion der Schweizerischen Volkspartei (V),,59,6,65,,,
Grüne Fraktion (G),,22,2,24,,,
ohne Fraktionszugehörigkeit,,5,1,6,,,
,,200,46,246,,,
,,,,,,,
02.03.2009-07.09.2009,,,,,,,
,,,,,,,
Fraktion FDP-Liberale (RL),,35,12,47,,,
CVP/EVP/glp (CEg),,36,16,52,,,
Sozialdemokratische Fraktion (S),,43,9,52,,,
Fraktion der Schweizerischen Volkspartei (V),,59,6,65,,,
Grüne Fraktion (G),,22,2,24,,,
Fraktion der Bürgerl.-Demokr. Partei (BD),,4,1,5,,,
ohne Fraktionszugehörigkeit,,1,0,1,,,
,,200,46,246,,,
,,,,,,,
07.09.2009-16.11.2010,,,,,,,
,,,,,,,
Fraktion FDP-Liberale (RL),,35,12,47,,,
CVP/EVP/glp (CEg),,36,16,52,,,
Sozialdemokratische Fraktion (S),,42,9,51,,,
Fraktion der Schweizerischen Volkspartei (V),,60,6,66,,,
Grüne Fraktion (G),,22,2,24,,,
Fraktion der Bürgerl.-Demokr. Partei (BD),,5,1,6,,,
,,200,46,246,,,
,,,,,,,
16.11.2010-14.02.2011,,,,,,,
,,,,,,,
Fraktion FDP-Liberale (RL),,35,12,47,,,
CVP/EVP/glp (CEg),,36,16,52,,,
Sozialdemokratische Fraktion (S),,41,9,50,,,
Fraktion der Schweizerischen Volkspartei (V),,60,6,66,,,
Grüne Fraktion (G),,22,2,24,,,
Fraktion der Bürgerl.-Demokr. Partei (BD),,5,1,6,,,
ohne Fraktionszugehörigkeit,,1,0,1,,,
,,200,46,246,,,
,,,,,,,
14.02.2011-05.03.2011,,,,,,,
,,,,,,,
Fraktion FDP-Liberale (RL),,35,12,47,,,
CVP/EVP/glp (CEg),,35,16,51,,,
Sozialdemokratische Fraktion (S),,41,9,50,,,
Fraktion der Schweizerischen Volkspartei (V),,61,6,67,,,
Grüne Fraktion (G),,22,2,24,,,
Fraktion der Bürgerl.-Demokr. Partei (BD),,5,1,6,,,
ohne Fraktionszugehörigkeit,,1,0,1,,,
,,200,46,246,,,
,,,,,,,
06.03.2011 bis zum Ende der Legislatur,,,,,,,
,,,,,,,
Fraktion FDP-Liberale (RL),,35,12,47,,,
CVP/EVP/glp (CEg),,35,16,51,,,
Sozialdemokratische Fraktion (S),,41,8,49,,,
Fraktion der Schweizerischen Volkspartei (V),,61,7,68,,,
Grüne Fraktion (G),,22,2,24,,,
Fraktion der Bürgerl.-Demokr. Partei (BD),,5,1,6,,,
ohne Fraktionszugehörigkeit,,1,0,1,,,
,,200,46,246,,,
,,,,,,,
1 January 2012,49. Leg.,,,,,,
,,,,,,,
Fraktion FDP-Liberale (RL),,30,11,41,,,
CVP/EVP (CE),,31,13,44,,,
Sozialdemokratische Fraktion (S),,46,11,57,,,
Fraktion der Schweizerischen Volkspartei (V),,56,6,62,,,
Grüne Fraktion (G),,15,2,17,,,
Grünliberale Fraktion (GL),,12,2,14,,,
Fraktion der Bürgerl.-Demokr. Partei (BD),,9,1,10,,,
ohne Fraktionszugehörigkeit,,1,0,1,,,
,,200,46,246,,,