"","X.1","X","observation_path","parliament_path","session_path","chamber_path","sitting_path","speech_path","paragraph_path","observation_number","parliament_number","session_number","chamber_number","sitting_number","speech_number","paragraph_number","sitting_date","speech_type","is_member","is_officer","is_guest","person_name","member_ID","constituency_name","constituency_ID","party_name","paragraph_text","word_count"
"1",1,1,"/parliament-38/session-1/chamber-1/sitting-1/speech-1/paragraph-1","/parliament-38","/parliament-38/session-1","/parliament-38/session-1/chamber-1","/parliament-38/session-1/chamber-1/sitting-1","/parliament-38/session-1/chamber-1/sitting-1/speech-1","/parliament-38/session-1/chamber-1/sitting-1/speech-1/paragraph-1",1,38,1,1,1,1,1,"2004-10-04","Debate",0,1,0,"Officer",NA,NA,NA,NA,"Pursuant to Standing Order 3, I would ask Mr. Bill Blaikie, member for the electoral district of Elmwood—Transcona, to take the chair.",22
"2",2,2,"/parliament-38/session-1/chamber-1/sitting-1/speech-2/paragraph-1","/parliament-38","/parliament-38/session-1","/parliament-38/session-1/chamber-1","/parliament-38/session-1/chamber-1/sitting-1","/parliament-38/session-1/chamber-1/sitting-1/speech-2","/parliament-38/session-1/chamber-1/sitting-1/speech-2/paragraph-1",2,38,1,1,1,2,1,"2004-10-04","Debate",0,1,0,"Officer",NA,NA,NA,NA,"Before I begin the proceedings I want to say what an honour it is for me today to be able to preside over the election of the Speaker. I did not think, when I was a member of the famed McGrath committee of 20 years ago when we recommended that the dean of the House of Commons conduct the election of the Speaker, that I would ever be in such a position to do so, but I welcome the opportunity.",79
"3",3,3,"/parliament-38/session-1/chamber-1/sitting-1/speech-2/paragraph-2","/parliament-38","/parliament-38/session-1","/parliament-38/session-1/chamber-1","/parliament-38/session-1/chamber-1/sitting-1","/parliament-38/session-1/chamber-1/sitting-1/speech-2","/parliament-38/session-1/chamber-1/sitting-1/speech-2/paragraph-2",3,38,1,1,1,2,2,"2004-10-04","Debate",0,1,0,"Officer",NA,NA,NA,NA,"Of course we are heading into a very unique Parliament and today we begin the challenge of meeting the expectations of the Canadian people that we will work constructively together in the way that they want us to do so.",40
"4",4,4,"/parliament-38/session-1/chamber-1/sitting-1/speech-2/paragraph-3","/parliament-38","/parliament-38/session-1","/parliament-38/session-1/chamber-1","/parliament-38/session-1/chamber-1/sitting-1","/parliament-38/session-1/chamber-1/sitting-1/speech-2","/parliament-38/session-1/chamber-1/sitting-1/speech-2/paragraph-3",4,38,1,1,1,2,3,"2004-10-04","Debate",0,1,0,"Officer",NA,NA,NA,NA,"The list of members who have withdrawn or who are ineligible as candidates has been placed on each member's desk and is available at the table.",27
"5",5,5,"/parliament-38/session-1/chamber-1/sitting-1/speech-2/paragraph-4","/parliament-38","/parliament-38/session-1","/parliament-38/session-1/chamber-1","/parliament-38/session-1/chamber-1/sitting-1","/parliament-38/session-1/chamber-1/sitting-1/speech-2","/parliament-38/session-1/chamber-1/sitting-1/speech-2/paragraph-4",5,38,1,1,1,2,4,"2004-10-04","Debate",0,1,0,"Officer",NA,NA,NA,NA,"The list of those members who are eligible as candidates has also been placed on each member's desk. It is available at the table as well.",27
"6",6,6,"/parliament-38/session-1/chamber-1/sitting-1/speech-2/paragraph-5","/parliament-38","/parliament-38/session-1","/parliament-38/session-1/chamber-1","/parliament-38/session-1/chamber-1/sitting-1","/parliament-38/session-1/chamber-1/sitting-1/speech-2","/parliament-38/session-1/chamber-1/sitting-1/speech-2/paragraph-5",6,38,1,1,1,2,5,"2004-10-04","Debate",0,1,0,"Officer",NA,NA,NA,NA,"Before proceeding, I would invite those members whose names are on the ballot and who do not wish to be considered for election to kindly rise and inform the Chair accordingly.",31
"7",7,7,"/parliament-38/session-1/chamber-1/sitting-1/speech-2/paragraph-6","/parliament-38","/parliament-38/session-1","/parliament-38/session-1/chamber-1","/parliament-38/session-1/chamber-1/sitting-1","/parliament-38/session-1/chamber-1/sitting-1/speech-2","/parliament-38/session-1/chamber-1/sitting-1/speech-2/paragraph-6",7,38,1,1,1,2,6,"2004-10-04","Debate",0,1,0,"Officer",NA,NA,NA,NA,"Are there any members who so wish to inform the Chair?",11
"8",8,8,"/parliament-38/session-1/chamber-1/sitting-1/speech-3/paragraph-1","/parliament-38","/parliament-38/session-1","/parliament-38/session-1/chamber-1","/parliament-38/session-1/chamber-1/sitting-1","/parliament-38/session-1/chamber-1/sitting-1/speech-3","/parliament-38/session-1/chamber-1/sitting-1/speech-3/paragraph-1",8,38,1,1,1,3,1,"2004-10-04","Debate",1,0,0,"Gerry Byrne","/chamber-1/member-97","Humber—St. Barbe—Baie Verte","/chamber-1/constituency-110","Liberal Party of Canada","I want to join with my colleagues in expressing our appreciation for your 35 years of service, now sitting as our dean presiding over these moments.",25
"9",9,9,"/parliament-38/session-1/chamber-1/sitting-1/speech-3/paragraph-2","/parliament-38","/parliament-38/session-1","/parliament-38/session-1/chamber-1","/parliament-38/session-1/chamber-1/sitting-1","/parliament-38/session-1/chamber-1/sitting-1/speech-3","/parliament-38/session-1/chamber-1/sitting-1/speech-3/paragraph-2",9,38,1,1,1,3,2,"2004-10-04","Debate",1,0,0,"Gerry Byrne","/chamber-1/member-97","Humber—St. Barbe—Baie Verte","/chamber-1/constituency-110","Liberal Party of Canada","After some serious consideration of this moment, I would like to say that reflecting on the nature and the character of this Parliament which we are about to endure, the 38th Parliament, I think it would be wise that a person of great character, quality and commitment to the Speaker's chair assume that role. Of course we have a very historic occasion with some great progress in parliamentary reform that is occurring.",73
"10",10,10,"/parliament-38/session-1/chamber-1/sitting-1/speech-3/paragraph-3","/parliament-38","/parliament-38/session-1","/parliament-38/session-1/chamber-1","/parliament-38/session-1/chamber-1/sitting-1","/parliament-38/session-1/chamber-1/sitting-1/speech-3","/parliament-38/session-1/chamber-1/sitting-1/speech-3/paragraph-3",10,38,1,1,1,3,3,"2004-10-04","Debate",1,0,0,"Gerry Byrne","/chamber-1/member-97","Humber—St. Barbe—Baie Verte","/chamber-1/constituency-110","Liberal Party of Canada","I would like to defer my name and will be throwing my support to that man of character, the member for Kingston and the Islands.",25
"11",11,11,"/parliament-38/session-1/chamber-1/sitting-1/speech-4/paragraph-1","/parliament-38","/parliament-38/session-1","/parliament-38/session-1/chamber-1","/parliament-38/session-1/chamber-1/sitting-1","/parliament-38/session-1/chamber-1/sitting-1/speech-4","/parliament-38/session-1/chamber-1/sitting-1/speech-4/paragraph-1",11,38,1,1,1,4,1,"2004-10-04","Interjection",0,1,0,"Officer",NA,NA,NA,NA,"I would say to the member that this is not an opportunity for endorsements. This is an opportunity to withdraw your name.",22
"12",12,12,"/parliament-38/session-1/chamber-1/sitting-1/speech-5/paragraph-1","/parliament-38","/parliament-38/session-1","/parliament-38/session-1/chamber-1","/parliament-38/session-1/chamber-1/sitting-1","/parliament-38/session-1/chamber-1/sitting-1/speech-5","/parliament-38/session-1/chamber-1/sitting-1/speech-5/paragraph-1",12,38,1,1,1,5,1,"2004-10-04","Debate",1,0,0,"Serge Cardin","/chamber-1/member-105","Sherbrooke","/chamber-1/constituency-249","Bloc Québécois","I am sure that I informed the proper officials that I did not wish to run for Speaker. I so confirm today and withdraw my name from the list.",29
"13",13,13,"/parliament-38/session-1/chamber-1/sitting-1/speech-6/paragraph-1","/parliament-38","/parliament-38/session-1","/parliament-38/session-1/chamber-1","/parliament-38/session-1/chamber-1/sitting-1","/parliament-38/session-1/chamber-1/sitting-1/speech-6","/parliament-38/session-1/chamber-1/sitting-1/speech-6/paragraph-1",13,38,1,1,1,6,1,"2004-10-04","Interjection",0,1,0,"Officer",NA,NA,NA,NA,"The hon. member for Cape Breton--Canso.",7
"14",14,14,"/parliament-38/session-1/chamber-1/sitting-1/speech-7/paragraph-1","/parliament-38","/parliament-38/session-1","/parliament-38/session-1/chamber-1","/parliament-38/session-1/chamber-1/sitting-1","/parliament-38/session-1/chamber-1/sitting-1/speech-7","/parliament-38/session-1/chamber-1/sitting-1/speech-7/paragraph-1",14,38,1,1,1,7,1,"2004-10-04","Debate",1,0,0,"Rodger Cuzner","/chamber-1/member-148","Cape Breton—Canso","/chamber-1/constituency-45","Liberal Party of Canada","I would be pleased, to the comfort of the House, to have my name struck from the ballot.",18
"15",15,15,"/parliament-38/session-1/chamber-1/sitting-1/speech-8/paragraph-1","/parliament-38","/parliament-38/session-1","/parliament-38/session-1/chamber-1","/parliament-38/session-1/chamber-1/sitting-1","/parliament-38/session-1/chamber-1/sitting-1/speech-8","/parliament-38/session-1/chamber-1/sitting-1/speech-8/paragraph-1",15,38,1,1,1,8,1,"2004-10-04","Interjection",0,1,0,"Officer",NA,NA,NA,NA,"Thank you.",2
"16",16,16,"/parliament-38/session-1/chamber-1/sitting-1/speech-8/paragraph-2","/parliament-38","/parliament-38/session-1","/parliament-38/session-1/chamber-1","/parliament-38/session-1/chamber-1/sitting-1","/parliament-38/session-1/chamber-1/sitting-1/speech-8","/parliament-38/session-1/chamber-1/sitting-1/speech-8/paragraph-2",16,38,1,1,1,8,2,"2004-10-04","Interjection",0,1,0,"Officer",NA,NA,NA,NA,"The hon. member for Random--Burin--St. George's.",9
"17",17,17,"/parliament-38/session-1/chamber-1/sitting-1/speech-9/paragraph-1","/parliament-38","/parliament-38/session-1","/parliament-38/session-1/chamber-1","/parliament-38/session-1/chamber-1/sitting-1","/parliament-38/session-1/chamber-1/sitting-1/speech-9","/parliament-38/session-1/chamber-1/sitting-1/speech-9/paragraph-1",17,38,1,1,1,9,1,"2004-10-04","Debate",1,0,0,"Bill Matthews","/chamber-1/member-358","Random—Burin—St. George's","/chamber-1/constituency-212","Liberal Party of Canada","I also wish to have my name removed from the list. My name being there has more to do with Canada Post than with my desire to be Speaker.",29
"18",18,18,"/parliament-38/session-1/chamber-1/sitting-1/speech-10/paragraph-1","/parliament-38","/parliament-38/session-1","/parliament-38/session-1/chamber-1","/parliament-38/session-1/chamber-1/sitting-1","/parliament-38/session-1/chamber-1/sitting-1/speech-10","/parliament-38/session-1/chamber-1/sitting-1/speech-10/paragraph-1",18,38,1,1,1,10,1,"2004-10-04","Interjection",0,1,0,"Officer",NA,NA,NA,NA,"The hon. member for Chatham-Kent—Essex.",7
"19",19,19,"/parliament-38/session-1/chamber-1/sitting-1/speech-11/paragraph-1","/parliament-38","/parliament-38/session-1","/parliament-38/session-1/chamber-1","/parliament-38/session-1/chamber-1/sitting-1","/parliament-38/session-1/chamber-1/sitting-1/speech-11","/parliament-38/session-1/chamber-1/sitting-1/speech-11/paragraph-1",19,38,1,1,1,11,1,"2004-10-04","Debate",1,0,0,"Jerry Pickard","/chamber-1/member-440","Chatham-Kent—Essex","/chamber-1/constituency-55","Liberal Party of Canada","I will admit that I was late getting my forms back and that is why my name is on the list, but I am grateful to now say thanks to my constituents for electing me and allowing me to come back and spend time in the House.",47
"20",20,20,"/parliament-38/session-1/chamber-1/sitting-1/speech-11/paragraph-2","/parliament-38","/parliament-38/session-1","/parliament-38/session-1/chamber-1","/parliament-38/session-1/chamber-1/sitting-1","/parliament-38/session-1/chamber-1/sitting-1/speech-11","/parliament-38/session-1/chamber-1/sitting-1/speech-11/paragraph-2",20,38,1,1,1,11,2,"2004-10-04","Debate",1,0,0,"Jerry Pickard","/chamber-1/member-440","Chatham-Kent—Essex","/chamber-1/constituency-55","Liberal Party of Canada","I also would congratulate you, sir, on your position and would ask that my name be withdrawn.",17
"21",21,21,"/parliament-38/session-1/chamber-1/sitting-1/speech-12/paragraph-1","/parliament-38","/parliament-38/session-1","/parliament-38/session-1/chamber-1","/parliament-38/session-1/chamber-1/sitting-1","/parliament-38/session-1/chamber-1/sitting-1/speech-12","/parliament-38/session-1/chamber-1/sitting-1/speech-12/paragraph-1",21,38,1,1,1,12,1,"2004-10-04","Interjection",0,1,0,"Officer",NA,NA,NA,NA,"The hon. member for Brome—Missisquoi.",6
"22",22,22,"/parliament-38/session-1/chamber-1/sitting-1/speech-13/paragraph-1","/parliament-38","/parliament-38/session-1","/parliament-38/session-1/chamber-1","/parliament-38/session-1/chamber-1/sitting-1","/parliament-38/session-1/chamber-1/sitting-1/speech-13","/parliament-38/session-1/chamber-1/sitting-1/speech-13/paragraph-1",22,38,1,1,1,13,1,"2004-10-04","Debate",1,0,0,"Denis Paradis","/chamber-1/member-423","Brome—Missisquoi","/chamber-1/constituency-30","Liberal Party of Canada","I will be brief. I simply want to withdraw my name from the list.",14
"23",23,23,"/parliament-38/session-1/chamber-1/sitting-1/speech-14/paragraph-1","/parliament-38","/parliament-38/session-1","/parliament-38/session-1/chamber-1","/parliament-38/session-1/chamber-1/sitting-1","/parliament-38/session-1/chamber-1/sitting-1/speech-14","/parliament-38/session-1/chamber-1/sitting-1/speech-14/paragraph-1",23,38,1,1,1,14,1,"2004-10-04","Interjection",0,1,0,"Officer",NA,NA,NA,NA,"I kind of like it up here and I am sorry that my time here is going to be so short.",21
"24",24,24,"/parliament-38/session-1/chamber-1/sitting-1/speech-14/paragraph-2","/parliament-38","/parliament-38/session-1","/parliament-38/session-1/chamber-1","/parliament-38/session-1/chamber-1/sitting-1","/parliament-38/session-1/chamber-1/sitting-1/speech-14","/parliament-38/session-1/chamber-1/sitting-1/speech-14/paragraph-2",24,38,1,1,1,14,2,"2004-10-04","Interjection",0,1,0,"Officer",NA,NA,NA,NA,"Hon. members are aware that there is now only one name on the list of eligible candidates for Speaker. The House is in a peculiar situation as there are no precedents that spell out how to proceed when there is only one candidate for the speakership, but as we know, the House can do many things by unanimous consent. I am in the hands of hon. members. Is there unanimous consent to dispense with the speech by the candidate and the one hour suspension of the House?",87
"25",25,25,"/parliament-38/session-1/chamber-1/sitting-1/speech-14/paragraph-3","/parliament-38","/parliament-38/session-1","/parliament-38/session-1/chamber-1","/parliament-38/session-1/chamber-1/sitting-1","/parliament-38/session-1/chamber-1/sitting-1/speech-14","/parliament-38/session-1/chamber-1/sitting-1/speech-14/paragraph-3",25,38,1,1,1,14,3,"2004-10-04","Interjection",0,1,0,"Officer",NA,NA,NA,NA,"Some hon. members: Agreed.",4
"26",26,26,"/parliament-38/session-1/chamber-1/sitting-1/speech-14/paragraph-4","/parliament-38","/parliament-38/session-1","/parliament-38/session-1/chamber-1","/parliament-38/session-1/chamber-1/sitting-1","/parliament-38/session-1/chamber-1/sitting-1/speech-14","/parliament-38/session-1/chamber-1/sitting-1/speech-14/paragraph-4",26,38,1,1,1,14,4,"2004-10-04","Interjection",0,1,0,"Officer",NA,NA,NA,NA,"The Presiding Officer (Hon. Bill Blaikie): Is there unanimous consent to dispense with the secret ballot and declare the candidate elected?",21
"27",27,27,"/parliament-38/session-1/chamber-1/sitting-1/speech-14/paragraph-5","/parliament-38","/parliament-38/session-1","/parliament-38/session-1/chamber-1","/parliament-38/session-1/chamber-1/sitting-1","/parliament-38/session-1/chamber-1/sitting-1/speech-14","/parliament-38/session-1/chamber-1/sitting-1/speech-14/paragraph-5",27,38,1,1,1,14,5,"2004-10-04","Interjection",0,1,0,"Officer",NA,NA,NA,NA,"Some hon. members: Agreed.",4
"28",28,28,"/parliament-38/session-1/chamber-1/sitting-1/speech-14/paragraph-6","/parliament-38","/parliament-38/session-1","/parliament-38/session-1/chamber-1","/parliament-38/session-1/chamber-1/sitting-1","/parliament-38/session-1/chamber-1/sitting-1/speech-14","/parliament-38/session-1/chamber-1/sitting-1/speech-14/paragraph-6",28,38,1,1,1,14,6,"2004-10-04","Interjection",0,1,0,"Officer",NA,NA,NA,NA,"The Presiding Officer (Hon. Bill Blaikie): I congratulate the hon. member for Kingston and the Islands and will do so physically in a moment.",24
"29",29,29,"/parliament-38/session-1/chamber-1/sitting-1/speech-14/paragraph-7","/parliament-38","/parliament-38/session-1","/parliament-38/session-1/chamber-1","/parliament-38/session-1/chamber-1/sitting-1","/parliament-38/session-1/chamber-1/sitting-1/speech-14","/parliament-38/session-1/chamber-1/sitting-1/speech-14/paragraph-7",29,38,1,1,1,14,7,"2004-10-04","Interjection",0,1,0,"Officer",NA,NA,NA,NA,"Some hon. members: Hear, hear!",5
"30",30,30,"/parliament-38/session-1/chamber-1/sitting-1/speech-14/paragraph-8","/parliament-38","/parliament-38/session-1","/parliament-38/session-1/chamber-1","/parliament-38/session-1/chamber-1/sitting-1","/parliament-38/session-1/chamber-1/sitting-1/speech-14","/parliament-38/session-1/chamber-1/sitting-1/speech-14/paragraph-8",30,38,1,1,1,14,8,"2004-10-04","Interjection",0,1,0,"Officer",NA,NA,NA,NA,"(The Presiding Officer having vacated the chair, and the mace having been laid under the table, conducted Mr. Peter Milliken from his seat in the House to the chair)",29
"31",31,31,"/parliament-38/session-1/chamber-1/sitting-1/speech-15/paragraph-1","/parliament-38","/parliament-38/session-1","/parliament-38/session-1/chamber-1","/parliament-38/session-1/chamber-1/sitting-1","/parliament-38/session-1/chamber-1/sitting-1/speech-15","/parliament-38/session-1/chamber-1/sitting-1/speech-15/paragraph-1",31,38,1,1,1,15,1,"2004-10-04","Debate",0,1,0,"Officer",NA,NA,NA,NA,"Hon. members, I want to return my humble acknowledgments to the House for the great honour you have conferred upon me in electing me to be your Speaker.",28
"32",32,32,"/parliament-38/session-1/chamber-1/sitting-1/speech-15/paragraph-2","/parliament-38","/parliament-38/session-1","/parliament-38/session-1/chamber-1","/parliament-38/session-1/chamber-1/sitting-1","/parliament-38/session-1/chamber-1/sitting-1/speech-15","/parliament-38/session-1/chamber-1/sitting-1/speech-15/paragraph-2",32,38,1,1,1,15,2,"2004-10-04","Debate",0,1,0,"Officer",NA,NA,NA,NA,"Those words are formal ones that I am supposed to say at the beginning of Parliament and that each newly elected Speaker has to say, so I want to make sure I have them correct, but I want also to thank each one of you, my colleagues, for having chosen me to be your Speaker once again.",57
"33",33,33,"/parliament-38/session-1/chamber-1/sitting-1/speech-15/paragraph-3","/parliament-38","/parliament-38/session-1","/parliament-38/session-1/chamber-1","/parliament-38/session-1/chamber-1/sitting-1","/parliament-38/session-1/chamber-1/sitting-1/speech-15","/parliament-38/session-1/chamber-1/sitting-1/speech-15/paragraph-3",33,38,1,1,1,15,3,"2004-10-04","Debate",0,1,0,"Officer",NA,NA,NA,NA,"I had the great honour and pleasure of serving as Speaker during the last Parliament. I greatly appreciated the support and help I received from the members of all the parties in this House during those years and earlier as well when I was Deputy Speaker during the 36th Parliament.",50
"34",34,34,"/parliament-38/session-1/chamber-1/sitting-1/speech-15/paragraph-4","/parliament-38","/parliament-38/session-1","/parliament-38/session-1/chamber-1","/parliament-38/session-1/chamber-1/sitting-1","/parliament-38/session-1/chamber-1/sitting-1/speech-15","/parliament-38/session-1/chamber-1/sitting-1/speech-15/paragraph-4",34,38,1,1,1,15,4,"2004-10-04","Debate",0,1,0,"Officer",NA,NA,NA,NA,"For the 38th Parliament to be here and to have a chance to work with you again of course is a great honour. I very much appreciate your support today in the withdrawal of all of you from being candidates, which is very flattering and for which I thank you, and for the chance to work with you again as we embark on what I have no doubt will be a very interesting Parliament. Whether it is long or short, it will be something in which we will have great fun throughout.",92
"35",35,35,"/parliament-38/session-1/chamber-1/sitting-1/speech-15/paragraph-5","/parliament-38","/parliament-38/session-1","/parliament-38/session-1/chamber-1","/parliament-38/session-1/chamber-1/sitting-1","/parliament-38/session-1/chamber-1/sitting-1/speech-15","/parliament-38/session-1/chamber-1/sitting-1/speech-15/paragraph-5",35,38,1,1,1,15,5,"2004-10-04","Debate",0,1,0,"Officer",NA,NA,NA,NA,"An hon. member: Four years.",5
"36",36,36,"/parliament-38/session-1/chamber-1/sitting-1/speech-15/paragraph-6","/parliament-38","/parliament-38/session-1","/parliament-38/session-1/chamber-1","/parliament-38/session-1/chamber-1/sitting-1","/parliament-38/session-1/chamber-1/sitting-1/speech-15","/parliament-38/session-1/chamber-1/sitting-1/speech-15/paragraph-6",36,38,1,1,1,15,6,"2004-10-04","Debate",0,1,0,"Officer",NA,NA,NA,NA,"The Speaker: However long, it will be an enjoyable experience for all of us. I hope we have the privilege of working together as we did in the last Parliament, sharing experiences here in the House and of course in the committees of the House and in the various meetings we have together.",53
"37",37,37,"/parliament-38/session-1/chamber-1/sitting-1/speech-15/paragraph-7","/parliament-38","/parliament-38/session-1","/parliament-38/session-1/chamber-1","/parliament-38/session-1/chamber-1/sitting-1","/parliament-38/session-1/chamber-1/sitting-1/speech-15","/parliament-38/session-1/chamber-1/sitting-1/speech-15/paragraph-7",37,38,1,1,1,15,7,"2004-10-04","Debate",0,1,0,"Officer",NA,NA,NA,NA,"I would also like to thank the voters in Kingston and the Islands who re-elected me.",17
"38",38,38,"/parliament-38/session-1/chamber-1/sitting-1/speech-15/paragraph-8","/parliament-38","/parliament-38/session-1","/parliament-38/session-1/chamber-1","/parliament-38/session-1/chamber-1/sitting-1","/parliament-38/session-1/chamber-1/sitting-1/speech-15","/parliament-38/session-1/chamber-1/sitting-1/speech-15/paragraph-8",38,38,1,1,1,15,8,"2004-10-04","Debate",0,1,0,"Officer",NA,NA,NA,NA,"Being Speaker is a wonderful privilege because not only do you have the privilege of serving as a member of Parliament for a constituency of about 95,000 electors but you also have the privilege of serving another constituency of 307 other electors in the House. That part of the job is entertaining too.",51
"39",39,39,"/parliament-38/session-1/chamber-1/sitting-1/speech-15/paragraph-9","/parliament-38","/parliament-38/session-1","/parliament-38/session-1/chamber-1","/parliament-38/session-1/chamber-1/sitting-1","/parliament-38/session-1/chamber-1/sitting-1/speech-15","/parliament-38/session-1/chamber-1/sitting-1/speech-15/paragraph-9",39,38,1,1,1,15,9,"2004-10-04","Debate",0,1,0,"Officer",NA,NA,NA,NA,"All of us share experiences as representatives of a constituency in our great country and all of us will work together to do the best we can for our constituents by our service in this House.",36
"40",40,40,"/parliament-38/session-1/chamber-1/sitting-1/speech-15/paragraph-10","/parliament-38","/parliament-38/session-1","/parliament-38/session-1/chamber-1","/parliament-38/session-1/chamber-1/sitting-1","/parliament-38/session-1/chamber-1/sitting-1/speech-15","/parliament-38/session-1/chamber-1/sitting-1/speech-15/paragraph-10",40,38,1,1,1,15,10,"2004-10-04","Debate",0,1,0,"Officer",NA,NA,NA,NA,"I am very grateful that the electors of my riding have chosen to send me back to this House. Of course if any of you want to come to Kingston you are always welcome to visit the city. I would be more than happy to show you around, assuming I am there, but when there are breaks in the House we might go. You are very welcome to come.",69
"41",41,41,"/parliament-38/session-1/chamber-1/sitting-1/speech-15/paragraph-11","/parliament-38","/parliament-38/session-1","/parliament-38/session-1/chamber-1","/parliament-38/session-1/chamber-1/sitting-1","/parliament-38/session-1/chamber-1/sitting-1/speech-15","/parliament-38/session-1/chamber-1/sitting-1/speech-15/paragraph-11",41,38,1,1,1,15,11,"2004-10-04","Debate",0,1,0,"Officer",NA,NA,NA,NA,"I invite you to visit Kingston. It is a beautiful city not very far from Ottawa.",16
"42",42,42,"/parliament-38/session-1/chamber-1/sitting-1/speech-15/paragraph-12","/parliament-38","/parliament-38/session-1","/parliament-38/session-1/chamber-1","/parliament-38/session-1/chamber-1/sitting-1","/parliament-38/session-1/chamber-1/sitting-1/speech-15","/parliament-38/session-1/chamber-1/sitting-1/speech-15/paragraph-12",42,38,1,1,1,15,12,"2004-10-04","Debate",0,1,0,"Officer",NA,NA,NA,NA,"The other group I would like to thank today is my family, who have come here in some numbers to be present for this occasion. My mother is here, Peg Milliken, and four of my sisters, Ann Campbell, Kathy McIlquham, Amanda Milliken and Elizabeth McLean. I believe my brother, Bill Milliken, has arrived, and my sister-in-law Pat Milliken and two of my brothers-in-law, Ross McIlquham and James McLean. They are all in the gallery at the far end. I am delighted they are here.",88
"43",43,43,"/parliament-38/session-1/chamber-1/sitting-1/speech-15/paragraph-13","/parliament-38","/parliament-38/session-1","/parliament-38/session-1/chamber-1","/parliament-38/session-1/chamber-1/sitting-1","/parliament-38/session-1/chamber-1/sitting-1/speech-15","/parliament-38/session-1/chamber-1/sitting-1/speech-15/paragraph-13",43,38,1,1,1,15,13,"2004-10-04","Debate",0,1,0,"Officer",NA,NA,NA,NA,"Some hon. members: Hear, hear!",5
"44",44,44,"/parliament-38/session-1/chamber-1/sitting-1/speech-15/paragraph-14","/parliament-38","/parliament-38/session-1","/parliament-38/session-1/chamber-1","/parliament-38/session-1/chamber-1/sitting-1","/parliament-38/session-1/chamber-1/sitting-1/speech-15","/parliament-38/session-1/chamber-1/sitting-1/speech-15/paragraph-14",44,38,1,1,1,15,14,"2004-10-04","Debate",0,1,0,"Officer",NA,NA,NA,NA,"The Speaker: Only my mother is willing to stand but that is all right.",14
"45",45,45,"/parliament-38/session-1/chamber-1/sitting-1/speech-15/paragraph-15","/parliament-38","/parliament-38/session-1","/parliament-38/session-1/chamber-1","/parliament-38/session-1/chamber-1/sitting-1","/parliament-38/session-1/chamber-1/sitting-1/speech-15","/parliament-38/session-1/chamber-1/sitting-1/speech-15/paragraph-15",45,38,1,1,1,15,15,"2004-10-04","Debate",0,1,0,"Officer",NA,NA,NA,NA,"Their support of course in elections is very important for me. Many of them live in Kingston and help. Some of them live in other constituencies and some of you have mentioned that to me. It is always a pleasure to welcome them to Ottawa. I am glad they came today.",51
"46",46,46,"/parliament-38/session-1/chamber-1/sitting-1/speech-15/paragraph-16","/parliament-38","/parliament-38/session-1","/parliament-38/session-1/chamber-1","/parliament-38/session-1/chamber-1/sitting-1","/parliament-38/session-1/chamber-1/sitting-1/speech-15","/parliament-38/session-1/chamber-1/sitting-1/speech-15/paragraph-16",46,38,1,1,1,15,16,"2004-10-04","Debate",0,1,0,"Officer",NA,NA,NA,NA,"Finally, I want to say how much I am looking forward to working with each one of you.",18
"47",47,47,"/parliament-38/session-1/chamber-1/sitting-1/speech-15/paragraph-17","/parliament-38","/parliament-38/session-1","/parliament-38/session-1/chamber-1","/parliament-38/session-1/chamber-1/sitting-1","/parliament-38/session-1/chamber-1/sitting-1/speech-15","/parliament-38/session-1/chamber-1/sitting-1/speech-15/paragraph-17",47,38,1,1,1,15,17,"2004-10-04","Debate",0,1,0,"Officer",NA,NA,NA,NA,"I hope our time here will be very interesting and that cooperation will prevail on both sides of the House. I am here to help you. As I will say tomorrow, I am truly a servant of the House. I am at your service to help you in your work and I hope to do so often over the coming weeks.",61
"48",48,48,"/parliament-38/session-1/chamber-1/sitting-1/speech-15/paragraph-18","/parliament-38","/parliament-38/session-1","/parliament-38/session-1/chamber-1","/parliament-38/session-1/chamber-1/sitting-1","/parliament-38/session-1/chamber-1/sitting-1/speech-15","/parliament-38/session-1/chamber-1/sitting-1/speech-15/paragraph-18",48,38,1,1,1,15,18,"2004-10-04","Debate",0,1,0,"Officer",NA,NA,NA,NA,"To each of you I express my congratulations on your own election, my delight at being able to work with you again and my pleasure at you having honoured me by choosing me to be your Speaker. Thank you very much.",41
"49",49,49,"/parliament-38/session-1/chamber-1/sitting-1/speech-15/paragraph-19","/parliament-38","/parliament-38/session-1","/parliament-38/session-1/chamber-1","/parliament-38/session-1/chamber-1/sitting-1","/parliament-38/session-1/chamber-1/sitting-1/speech-15","/parliament-38/session-1/chamber-1/sitting-1/speech-15/paragraph-19",49,38,1,1,1,15,19,"2004-10-04","Debate",0,1,0,"Officer",NA,NA,NA,NA,"And the mace having been laid upon the table:",9
"50",50,50,"/parliament-38/session-1/chamber-1/sitting-1/speech-16/paragraph-1","/parliament-38","/parliament-38/session-1","/parliament-38/session-1/chamber-1","/parliament-38/session-1/chamber-1/sitting-1","/parliament-38/session-1/chamber-1/sitting-1/speech-16","/parliament-38/session-1/chamber-1/sitting-1/speech-16/paragraph-1",50,38,1,1,1,16,1,"2004-10-04","Debate",1,0,0,"Paul Martin","/chamber-1/member-354","LaSalle—Émard","/chamber-1/constituency-131","Liberal Party of Canada","Mr. Speaker, I know I speak for all the people in this caucus, in your riding and throughout the House when I say that your success today is well earned.",30
"51",51,51,"/parliament-38/session-1/chamber-1/sitting-1/speech-16/paragraph-2","/parliament-38","/parliament-38/session-1","/parliament-38/session-1/chamber-1","/parliament-38/session-1/chamber-1/sitting-1","/parliament-38/session-1/chamber-1/sitting-1/speech-16","/parliament-38/session-1/chamber-1/sitting-1/speech-16/paragraph-2",51,38,1,1,1,16,2,"2004-10-04","Debate",1,0,0,"Paul Martin","/chamber-1/member-354","LaSalle—Émard","/chamber-1/constituency-131","Liberal Party of Canada","Would you tell me, Mr. Speaker, if I am allowed to speak?",12
"52",52,52,"/parliament-38/session-1/chamber-1/sitting-1/speech-17/paragraph-1","/parliament-38","/parliament-38/session-1","/parliament-38/session-1/chamber-1","/parliament-38/session-1/chamber-1/sitting-1","/parliament-38/session-1/chamber-1/sitting-1/speech-17","/parliament-38/session-1/chamber-1/sitting-1/speech-17/paragraph-1",52,38,1,1,1,17,1,"2004-10-04","Interjection",0,1,0,"Officer",NA,NA,NA,NA,"Yes.",1
"53",53,53,"/parliament-38/session-1/chamber-1/sitting-1/speech-18/paragraph-1","/parliament-38","/parliament-38/session-1","/parliament-38/session-1/chamber-1","/parliament-38/session-1/chamber-1/sitting-1","/parliament-38/session-1/chamber-1/sitting-1/speech-18","/parliament-38/session-1/chamber-1/sitting-1/speech-18/paragraph-1",53,38,1,1,1,18,1,"2004-10-04","Interjection",1,0,0,"Paul Martin","/chamber-1/member-354","LaSalle—Émard","/chamber-1/constituency-131","Liberal Party of Canada","Now I can.",3
"54",54,54,"/parliament-38/session-1/chamber-1/sitting-1/speech-18/paragraph-2","/parliament-38","/parliament-38/session-1","/parliament-38/session-1/chamber-1","/parliament-38/session-1/chamber-1/sitting-1","/parliament-38/session-1/chamber-1/sitting-1/speech-18","/parliament-38/session-1/chamber-1/sitting-1/speech-18/paragraph-2",54,38,1,1,1,18,2,"2004-10-04","Interjection",1,0,0,"Paul Martin","/chamber-1/member-354","LaSalle—Émard","/chamber-1/constituency-131","Liberal Party of Canada","Mr. Speaker, I was delighted to hear your speech of recognition and gratitude. All of us in the House would have liked to have heard your campaign speech. I would have liked to have known what your promises were going to be.",42
"55",55,55,"/parliament-38/session-1/chamber-1/sitting-1/speech-18/paragraph-3","/parliament-38","/parliament-38/session-1","/parliament-38/session-1/chamber-1","/parliament-38/session-1/chamber-1/sitting-1","/parliament-38/session-1/chamber-1/sitting-1/speech-18","/parliament-38/session-1/chamber-1/sitting-1/speech-18/paragraph-3",55,38,1,1,1,18,3,"2004-10-04","Interjection",1,0,0,"Paul Martin","/chamber-1/member-354","LaSalle—Émard","/chamber-1/constituency-131","Liberal Party of Canada","We are delighted that you acknowledged your family in the gallery. We all hope that you will give us the same privilege. I remember you called me out of order in the last House for that very thing.",38
"56",56,56,"/parliament-38/session-1/chamber-1/sitting-1/speech-19/paragraph-1","/parliament-38","/parliament-38/session-1","/parliament-38/session-1/chamber-1","/parliament-38/session-1/chamber-1/sitting-1","/parliament-38/session-1/chamber-1/sitting-1/speech-19","/parliament-38/session-1/chamber-1/sitting-1/speech-19/paragraph-1",56,38,1,1,1,19,1,"2004-10-04","Interjection",0,1,0,"Officer",NA,NA,NA,NA,"The Prime Minister now knows that Speakers are allowed to do those things but others cannot.",16
"57",57,57,"/parliament-38/session-1/chamber-1/sitting-1/speech-20/paragraph-1","/parliament-38","/parliament-38/session-1","/parliament-38/session-1/chamber-1","/parliament-38/session-1/chamber-1/sitting-1","/parliament-38/session-1/chamber-1/sitting-1/speech-20","/parliament-38/session-1/chamber-1/sitting-1/speech-20/paragraph-1",57,38,1,1,1,20,1,"2004-10-04","Interjection",1,0,0,"Paul Martin","/chamber-1/member-354","LaSalle—Émard","/chamber-1/constituency-131","Liberal Party of Canada","Mr. Speaker, you preside now over the first minority Commons in 25 years. When you return to your office you will find an appropriate congratulatory gift. We have sent you an extra strength bottle of painkillers. I hope you use them well.",41
"58",58,58,"/parliament-38/session-1/chamber-1/sitting-1/speech-20/paragraph-2","/parliament-38","/parliament-38/session-1","/parliament-38/session-1/chamber-1","/parliament-38/session-1/chamber-1/sitting-1","/parliament-38/session-1/chamber-1/sitting-1/speech-20","/parliament-38/session-1/chamber-1/sitting-1/speech-20/paragraph-2",58,38,1,1,1,20,2,"2004-10-04","Interjection",1,0,0,"Paul Martin","/chamber-1/member-354","LaSalle—Émard","/chamber-1/constituency-131","Liberal Party of Canada","I believe it is more than symbolic that the first act of this 38th Parliament was to re-elect a Speaker who during his first term was recognized and praised for his impartiality and his constructive approach to resolving disputes.",40
"59",59,59,"/parliament-38/session-1/chamber-1/sitting-1/speech-20/paragraph-3","/parliament-38","/parliament-38/session-1","/parliament-38/session-1/chamber-1","/parliament-38/session-1/chamber-1/sitting-1","/parliament-38/session-1/chamber-1/sitting-1/speech-20","/parliament-38/session-1/chamber-1/sitting-1/speech-20/paragraph-3",59,38,1,1,1,20,3,"2004-10-04","Interjection",1,0,0,"Paul Martin","/chamber-1/member-354","LaSalle—Émard","/chamber-1/constituency-131","Liberal Party of Canada","The challenge that confronts all members of our minority in the Commons is straightforward. It is to make this Parliament work for Canadians and to do so we will need to be able to forge a consensus. We will need to be constructive.",43
"60",60,60,"/parliament-38/session-1/chamber-1/sitting-1/speech-20/paragraph-4","/parliament-38","/parliament-38/session-1","/parliament-38/session-1/chamber-1","/parliament-38/session-1/chamber-1/sitting-1","/parliament-38/session-1/chamber-1/sitting-1/speech-20","/parliament-38/session-1/chamber-1/sitting-1/speech-20/paragraph-4",60,38,1,1,1,20,4,"2004-10-04","Interjection",1,0,0,"Paul Martin","/chamber-1/member-354","LaSalle—Émard","/chamber-1/constituency-131","Liberal Party of Canada","Mr. Speaker, you will face new challenges in this Parliament, as will all of us in the House. Minority government means increased responsibilities for you and for those of us in the government caucus, and indeed for all members.",39
"61",61,61,"/parliament-38/session-1/chamber-1/sitting-1/speech-20/paragraph-5","/parliament-38","/parliament-38/session-1","/parliament-38/session-1/chamber-1","/parliament-38/session-1/chamber-1/sitting-1","/parliament-38/session-1/chamber-1/sitting-1/speech-20","/parliament-38/session-1/chamber-1/sitting-1/speech-20/paragraph-5",61,38,1,1,1,20,5,"2004-10-04","Interjection",1,0,0,"Paul Martin","/chamber-1/member-354","LaSalle—Émard","/chamber-1/constituency-131","Liberal Party of Canada","The government can no longer be certain that it will secure passage of legislation. The opposition parties can no longer simply vote against government bills without consequence.",27
"62",62,62,"/parliament-38/session-1/chamber-1/sitting-1/speech-20/paragraph-6","/parliament-38","/parliament-38/session-1","/parliament-38/session-1/chamber-1","/parliament-38/session-1/chamber-1/sitting-1","/parliament-38/session-1/chamber-1/sitting-1/speech-20","/parliament-38/session-1/chamber-1/sitting-1/speech-20/paragraph-6",62,38,1,1,1,20,6,"2004-10-04","Interjection",1,0,0,"Paul Martin","/chamber-1/member-354","LaSalle—Émard","/chamber-1/constituency-131","Liberal Party of Canada","The dynamic has changed but change is often invigorating. As we begin the work of the 38th Parliament, I want you and all Canadians to know that we as a government are committed to doing what it takes to achieve progress for the people of this country.",47
"63",63,63,"/parliament-38/session-1/chamber-1/sitting-1/speech-20/paragraph-7","/parliament-38","/parliament-38/session-1","/parliament-38/session-1/chamber-1","/parliament-38/session-1/chamber-1/sitting-1","/parliament-38/session-1/chamber-1/sitting-1/speech-20","/parliament-38/session-1/chamber-1/sitting-1/speech-20/paragraph-7",63,38,1,1,1,20,7,"2004-10-04","Interjection",1,0,0,"Paul Martin","/chamber-1/member-354","LaSalle—Émard","/chamber-1/constituency-131","Liberal Party of Canada","I congratulate you, Mr. Speaker, and I wish you sound judgment and ample patience as you again take up your important duties.",22
"64",64,64,"/parliament-38/session-1/chamber-1/sitting-1/speech-21/paragraph-1","/parliament-38","/parliament-38/session-1","/parliament-38/session-1/chamber-1","/parliament-38/session-1/chamber-1/sitting-1","/parliament-38/session-1/chamber-1/sitting-1/speech-21","/parliament-38/session-1/chamber-1/sitting-1/speech-21/paragraph-1",64,38,1,1,1,21,1,"2004-10-04","Debate",1,0,0,"Stephen Harper","/chamber-1/member-252","Calgary Southwest","/chamber-1/constituency-41","Conservative Party of Canada","Mr. Speaker, speaking personally and on behalf of all the Conservative members of this Parliament, I would like to offer my congratulations on your election today.",26
"65",65,65,"/parliament-38/session-1/chamber-1/sitting-1/speech-21/paragraph-2","/parliament-38","/parliament-38/session-1","/parliament-38/session-1/chamber-1","/parliament-38/session-1/chamber-1/sitting-1","/parliament-38/session-1/chamber-1/sitting-1/speech-21","/parliament-38/session-1/chamber-1/sitting-1/speech-21/paragraph-2",65,38,1,1,1,21,2,"2004-10-04","Debate",1,0,0,"Stephen Harper","/chamber-1/member-252","Calgary Southwest","/chamber-1/constituency-41","Conservative Party of Canada","Mr. Speaker, I noted that it is tradition that you are pushed into the Chair with some reluctance by the Prime Minister and myself. I must tell you, though, as much as I admire your performance and abilities, your reluctance was not very convincing.",44
"66",66,66,"/parliament-38/session-1/chamber-1/sitting-1/speech-21/paragraph-3","/parliament-38","/parliament-38/session-1","/parliament-38/session-1/chamber-1","/parliament-38/session-1/chamber-1/sitting-1","/parliament-38/session-1/chamber-1/sitting-1/speech-21","/parliament-38/session-1/chamber-1/sitting-1/speech-21/paragraph-3",66,38,1,1,1,21,3,"2004-10-04","Debate",1,0,0,"Stephen Harper","/chamber-1/member-252","Calgary Southwest","/chamber-1/constituency-41","Conservative Party of Canada","We all know the reason for that. We know that you do love this job. Over the years, on several different occasions, we have had the opportunity to talk about the job. I remember we had dinner and lunch, and would often banter about these kinds of things. What I learned in those days was not just your interest in the Speaker's position but your love of procedure and rules.",71
"67",67,67,"/parliament-38/session-1/chamber-1/sitting-1/speech-21/paragraph-4","/parliament-38","/parliament-38/session-1","/parliament-38/session-1/chamber-1","/parliament-38/session-1/chamber-1/sitting-1","/parliament-38/session-1/chamber-1/sitting-1/speech-21","/parliament-38/session-1/chamber-1/sitting-1/speech-21/paragraph-4",67,38,1,1,1,21,4,"2004-10-04","Debate",1,0,0,"Stephen Harper","/chamber-1/member-252","Calgary Southwest","/chamber-1/constituency-41","Conservative Party of Canada","I was always very impressed with your knowledge of Erskine May, Beauchesne's and all of the various ins and outs of the Standing Orders. Of course, it made me wonder a great deal about you. It did obviously eminently qualify you on the surface for the job, but you have demonstrated a much greater qualification than just these academic credentials.",61
"68",68,68,"/parliament-38/session-1/chamber-1/sitting-1/speech-21/paragraph-5","/parliament-38","/parliament-38/session-1","/parliament-38/session-1/chamber-1","/parliament-38/session-1/chamber-1/sitting-1","/parliament-38/session-1/chamber-1/sitting-1/speech-21","/parliament-38/session-1/chamber-1/sitting-1/speech-21/paragraph-5",68,38,1,1,1,21,5,"2004-10-04","Debate",1,0,0,"Stephen Harper","/chamber-1/member-252","Calgary Southwest","/chamber-1/constituency-41","Conservative Party of Canada","You have demonstrated in the past four years an exceptional ability as Speaker. It is reflected in the vote today and the unanimity. The job obviously loves you, and you should take a great deal of honour and pleasure from the fact that you would get the unanimous support of every member of every caucus. I can certainly tell you, as leaders, we would appreciate the unanimous support of just our own caucuses. You have achieved a tremendous endorsement today because of the job you have done in the past.",90
"69",69,69,"/parliament-38/session-1/chamber-1/sitting-1/speech-21/paragraph-6","/parliament-38","/parliament-38/session-1","/parliament-38/session-1/chamber-1","/parliament-38/session-1/chamber-1/sitting-1","/parliament-38/session-1/chamber-1/sitting-1/speech-21","/parliament-38/session-1/chamber-1/sitting-1/speech-21/paragraph-6",69,38,1,1,1,21,6,"2004-10-04","Debate",1,0,0,"Stephen Harper","/chamber-1/member-252","Calgary Southwest","/chamber-1/constituency-41","Conservative Party of Canada","As the Prime Minister alluded to, and I will try not to comment too much on what the Prime Minister said today, we of course will try to ensure that we work by consensus rather than governing as if we have a majority, to quote an infamous phrase.",48
"70",70,70,"/parliament-38/session-1/chamber-1/sitting-1/speech-21/paragraph-7","/parliament-38","/parliament-38/session-1","/parliament-38/session-1/chamber-1","/parliament-38/session-1/chamber-1/sitting-1","/parliament-38/session-1/chamber-1/sitting-1/speech-21","/parliament-38/session-1/chamber-1/sitting-1/speech-21/paragraph-7",70,38,1,1,1,21,7,"2004-10-04","Debate",1,0,0,"Stephen Harper","/chamber-1/member-252","Calgary Southwest","/chamber-1/constituency-41","Conservative Party of Canada","Mr. Speaker, you will face, as you know, some challenging times. You are going to face a new situation and also some new rules. You can be assured on my part, and I am sure the part of all of my colleagues, that we will give you our fullest and reasonable cooperation in all of the difficult tasks you have to perform. We wish you wisdom and patience in your own deliberations.",72
"71",71,71,"/parliament-38/session-1/chamber-1/sitting-1/speech-22/paragraph-1","/parliament-38","/parliament-38/session-1","/parliament-38/session-1/chamber-1","/parliament-38/session-1/chamber-1/sitting-1","/parliament-38/session-1/chamber-1/sitting-1/speech-22","/parliament-38/session-1/chamber-1/sitting-1/speech-22/paragraph-1",71,38,1,1,1,22,1,"2004-10-04","Debate",1,0,0,"Gilles Duceppe","/chamber-1/member-181","Laurier—Sainte-Marie","/chamber-1/constituency-133","Bloc Québécois","Mr. Speaker, first I want to congratulate you on your election. In the past, we have learned to work together and I believe we have done so with mutual respect, responsibility and rigour. We must be guided by a desire to agree on how to disagree. God knows this will be important in this minority Parliament. We must demonstrate rigour, and so must you, to the fullest extent. You can count on the support of all members of the Bloc to assist you in your duties, which are not easy.",90
"72",72,72,"/parliament-38/session-1/chamber-1/sitting-1/speech-22/paragraph-2","/parliament-38","/parliament-38/session-1","/parliament-38/session-1/chamber-1","/parliament-38/session-1/chamber-1/sitting-1","/parliament-38/session-1/chamber-1/sitting-1/speech-22","/parliament-38/session-1/chamber-1/sitting-1/speech-22/paragraph-2",72,38,1,1,1,22,2,"2004-10-04","Debate",1,0,0,"Gilles Duceppe","/chamber-1/member-181","Laurier—Sainte-Marie","/chamber-1/constituency-133","Bloc Québécois","Of course, we shall assume our responsibilities consistently in every vote that takes place here, as we have always done. We in the Bloc have never had a stubborn, blindly partisan attitude that we must oppose something because it comes from the red party, the blues, the greens, the purples or the party with little yellow dots. All proposals merit attention, regardless of who makes them.",66
"73",73,73,"/parliament-38/session-1/chamber-1/sitting-1/speech-22/paragraph-3","/parliament-38","/parliament-38/session-1","/parliament-38/session-1/chamber-1","/parliament-38/session-1/chamber-1/sitting-1","/parliament-38/session-1/chamber-1/sitting-1/speech-22","/parliament-38/session-1/chamber-1/sitting-1/speech-22/paragraph-3",73,38,1,1,1,22,3,"2004-10-04","Debate",1,0,0,"Gilles Duceppe","/chamber-1/member-181","Laurier—Sainte-Marie","/chamber-1/constituency-133","Bloc Québécois","Our only criterion, in the Bloc, is whether the proposals being made are in the best interests of Quebeckers, no matter whether they come from the Liberals, the Conservatives, the NDP or ourselves. The new rules of Parliament will give all parties more opportunity for initiative. I believe we shall see the end of the unilateralism that has too often characterized the Liberal government. They will have to have a more respectful attitude toward the opposition parties.",77
"74",74,74,"/parliament-38/session-1/chamber-1/sitting-1/speech-22/paragraph-4","/parliament-38","/parliament-38/session-1","/parliament-38/session-1/chamber-1","/parliament-38/session-1/chamber-1/sitting-1","/parliament-38/session-1/chamber-1/sitting-1/speech-22","/parliament-38/session-1/chamber-1/sitting-1/speech-22/paragraph-4",74,38,1,1,1,22,4,"2004-10-04","Debate",1,0,0,"Gilles Duceppe","/chamber-1/member-181","Laurier—Sainte-Marie","/chamber-1/constituency-133","Bloc Québécois","Of course, we wish to work by means of consensus. Still, it sometimes happens that a consensus is impossible. You, Mr. Speaker, will have to determine who has the majority and who does not on a certain number of points. You will be faced with new rules. I know that from now on, deputy speakers will no longer be appointed by the government, but that you will propose them and the House will ratify them. That is greater democracy, which is what the people asked for in the June 28 election. We must always respect the will of the people, which is to have a Liberal government, albeit in a minority position, and an opposition that has an equally legitimate mandate to represent them here. You can count on our support, Mr. Speaker.",132
"75",75,75,"/parliament-38/session-1/chamber-1/sitting-1/speech-23/paragraph-1","/parliament-38","/parliament-38/session-1","/parliament-38/session-1/chamber-1","/parliament-38/session-1/chamber-1/sitting-1","/parliament-38/session-1/chamber-1/sitting-1/speech-23","/parliament-38/session-1/chamber-1/sitting-1/speech-23/paragraph-1",75,38,1,1,1,23,1,"2004-10-04","Debate",1,0,0,"Jack Layton","/chamber-1/member-315","Toronto—Danforth","/chamber-1/constituency-271","New Democratic Party","Mr. Speaker, the last time you said my name, I was among the spectators and not a member of this House. I am delighted to be here now as an elected representative. Thank you very much.",36
"76",76,76,"/parliament-38/session-1/chamber-1/sitting-1/speech-23/paragraph-2","/parliament-38","/parliament-38/session-1","/parliament-38/session-1/chamber-1","/parliament-38/session-1/chamber-1/sitting-1","/parliament-38/session-1/chamber-1/sitting-1/speech-23","/parliament-38/session-1/chamber-1/sitting-1/speech-23/paragraph-2",76,38,1,1,1,23,2,"2004-10-04","Debate",1,0,0,"Jack Layton","/chamber-1/member-315","Toronto—Danforth","/chamber-1/constituency-271","New Democratic Party","I want to acknowledge first of all the role that was just played by the dean of the House and to indicate that it is typical of the role that the New Democratic Party will be able to play in the future in pulling perhaps disparate points of view together around a common cause, the first act of which was your acclamation, Mr. Speaker.",64
"77",77,77,"/parliament-38/session-1/chamber-1/sitting-1/speech-23/paragraph-3","/parliament-38","/parliament-38/session-1","/parliament-38/session-1/chamber-1","/parliament-38/session-1/chamber-1/sitting-1","/parliament-38/session-1/chamber-1/sitting-1/speech-23","/parliament-38/session-1/chamber-1/sitting-1/speech-23/paragraph-3",77,38,1,1,1,23,3,"2004-10-04","Debate",1,0,0,"Jack Layton","/chamber-1/member-315","Toronto—Danforth","/chamber-1/constituency-271","New Democratic Party","Your acclamation sends a very strong signal that the members of the House wish to work together in order to achieve common objectives. I think it is going to place before you a challenge the likes of which has not been seen for quite some time. In actual fact, on each and every vote the results will by no means be predetermined.",62
"78",78,78,"/parliament-38/session-1/chamber-1/sitting-1/speech-23/paragraph-4","/parliament-38","/parliament-38/session-1","/parliament-38/session-1/chamber-1","/parliament-38/session-1/chamber-1/sitting-1","/parliament-38/session-1/chamber-1/sitting-1/speech-23","/parliament-38/session-1/chamber-1/sitting-1/speech-23/paragraph-4",78,38,1,1,1,23,4,"2004-10-04","Debate",1,0,0,"Jack Layton","/chamber-1/member-315","Toronto—Danforth","/chamber-1/constituency-271","New Democratic Party","This is going to put you and all members of the House into an interesting position. We are all going to have to work a lot harder. We are going to have to be considering the will of Canadians a lot more carefully because nothing will be prescribed in advance.",50
"79",79,79,"/parliament-38/session-1/chamber-1/sitting-1/speech-23/paragraph-5","/parliament-38","/parliament-38/session-1","/parliament-38/session-1/chamber-1","/parliament-38/session-1/chamber-1/sitting-1","/parliament-38/session-1/chamber-1/sitting-1/speech-23","/parliament-38/session-1/chamber-1/sitting-1/speech-23/paragraph-5",79,38,1,1,1,23,5,"2004-10-04","Debate",1,0,0,"Jack Layton","/chamber-1/member-315","Toronto—Danforth","/chamber-1/constituency-271","New Democratic Party","Our role as a political party will be to pursue our perspectives, and to hope and count on you to ensure that your wisdom, your eyesight and your intuition will cause you to notice that we are down at the far end of the chamber wishing to raise our points of view.",52
"80",80,80,"/parliament-38/session-1/chamber-1/sitting-1/speech-23/paragraph-6","/parliament-38","/parliament-38/session-1","/parliament-38/session-1/chamber-1","/parliament-38/session-1/chamber-1/sitting-1","/parliament-38/session-1/chamber-1/sitting-1/speech-23","/parliament-38/session-1/chamber-1/sitting-1/speech-23/paragraph-6",80,38,1,1,1,23,6,"2004-10-04","Debate",1,0,0,"Jack Layton","/chamber-1/member-315","Toronto—Danforth","/chamber-1/constituency-271","New Democratic Party","In addition, we will not to be facing a House of Commons with proposals coming simply from the government. We will be having proposals for interesting legislation and initiatives emerging from all parts of the House, and certainly from this corner. It will be very important that your judgment and your role here ensure that all members of the House are able to bring forward effectively the kind of recommendations that Canadians want to see, and to allow the votes and decisions to reflect that broad consensus of Canadians that exists out there.",93
"81",81,81,"/parliament-38/session-1/chamber-1/sitting-1/speech-23/paragraph-7","/parliament-38","/parliament-38/session-1","/parliament-38/session-1/chamber-1","/parliament-38/session-1/chamber-1/sitting-1","/parliament-38/session-1/chamber-1/sitting-1/speech-23","/parliament-38/session-1/chamber-1/sitting-1/speech-23/paragraph-7",81,38,1,1,1,23,7,"2004-10-04","Debate",1,0,0,"Jack Layton","/chamber-1/member-315","Toronto—Danforth","/chamber-1/constituency-271","New Democratic Party","Mr. Speaker, I wish to extend to you my congratulations and a cordial welcome. Let me assure you that we will be working hard in the interest of all Canadians, as will all the members of this Parliament. I expect to have many interesting discussions with you and my new House of Commons colleagues.",54
"82",82,82,"/parliament-38/session-1/chamber-1/sitting-1/speech-24/paragraph-1","/parliament-38","/parliament-38/session-1","/parliament-38/session-1/chamber-1","/parliament-38/session-1/chamber-1/sitting-1","/parliament-38/session-1/chamber-1/sitting-1/speech-24","/parliament-38/session-1/chamber-1/sitting-1/speech-24/paragraph-1",82,38,1,1,1,24,1,"2004-10-04","Debate",0,1,0,"Officer",NA,NA,NA,NA,"I would like to thank the leaders of all parties in the House for their kind remarks.",17
"83",83,83,"/parliament-38/session-1/chamber-1/sitting-1/speech-24/paragraph-2","/parliament-38","/parliament-38/session-1","/parliament-38/session-1/chamber-1","/parliament-38/session-1/chamber-1/sitting-1","/parliament-38/session-1/chamber-1/sitting-1/speech-24","/parliament-38/session-1/chamber-1/sitting-1/speech-24/paragraph-2",83,38,1,1,1,24,2,"2004-10-04","Debate",0,1,0,"Officer",NA,NA,NA,NA,"I want to reiterate how important it is for the role of the Speaker to have the cooperation of all hon. members, their support and enthusiastic endorsement of the Speaker's rulings. I look forward to that very much from all sides of the House.",45
"84",84,84,"/parliament-38/session-1/chamber-1/sitting-1/speech-25/paragraph-1","/parliament-38","/parliament-38/session-1","/parliament-38/session-1/chamber-1","/parliament-38/session-1/chamber-1/sitting-1","/parliament-38/session-1/chamber-1/sitting-1/speech-25","/parliament-38/session-1/chamber-1/sitting-1/speech-25/paragraph-1",84,38,1,1,1,25,1,"2004-10-04","Debate",0,1,0,"Officer",NA,NA,NA,NA,"I have the honour to inform the House that a communication has been received, which is as follows:",18
"85",85,85,"/parliament-38/session-1/chamber-1/sitting-1/speech-25/paragraph-2","/parliament-38","/parliament-38/session-1","/parliament-38/session-1/chamber-1","/parliament-38/session-1/chamber-1/sitting-1","/parliament-38/session-1/chamber-1/sitting-1/speech-25","/parliament-38/session-1/chamber-1/sitting-1/speech-25/paragraph-2",85,38,1,1,1,25,2,"2004-10-04","Debate",0,1,0,"Officer",NA,NA,NA,NA,"Rideau Hall",2
"86",86,86,"/parliament-38/session-1/chamber-1/sitting-1/speech-25/paragraph-3","/parliament-38","/parliament-38/session-1","/parliament-38/session-1/chamber-1","/parliament-38/session-1/chamber-1/sitting-1","/parliament-38/session-1/chamber-1/sitting-1/speech-25","/parliament-38/session-1/chamber-1/sitting-1/speech-25/paragraph-3",86,38,1,1,1,25,3,"2004-10-04","Debate",0,1,0,"Officer",NA,NA,NA,NA,"September 27, 2004",1
"87",87,87,"/parliament-38/session-1/chamber-1/sitting-1/speech-25/paragraph-4","/parliament-38","/parliament-38/session-1","/parliament-38/session-1/chamber-1","/parliament-38/session-1/chamber-1/sitting-1","/parliament-38/session-1/chamber-1/sitting-1/speech-25","/parliament-38/session-1/chamber-1/sitting-1/speech-25/paragraph-4",87,38,1,1,1,25,4,"2004-10-04","Debate",0,1,0,"Officer",NA,NA,NA,NA,"Mr. Speaker",2
"88",88,88,"/parliament-38/session-1/chamber-1/sitting-1/speech-25/paragraph-5","/parliament-38","/parliament-38/session-1","/parliament-38/session-1/chamber-1","/parliament-38/session-1/chamber-1/sitting-1","/parliament-38/session-1/chamber-1/sitting-1/speech-25","/parliament-38/session-1/chamber-1/sitting-1/speech-25/paragraph-5",88,38,1,1,1,25,5,"2004-10-04","Debate",0,1,0,"Officer",NA,NA,NA,NA,"I have the honour to inform you that Her Excellency the Right Honourable Adrienne Clarkson, Governor General of Canada and His Excellency John Ralston Saul will arrive at the Peace Tower at 15:00 on Tuesday, the 5th of October, 2004.",38
"89",89,89,"/parliament-38/session-1/chamber-1/sitting-1/speech-25/paragraph-6","/parliament-38","/parliament-38/session-1","/parliament-38/session-1/chamber-1","/parliament-38/session-1/chamber-1/sitting-1","/parliament-38/session-1/chamber-1/sitting-1/speech-25","/parliament-38/session-1/chamber-1/sitting-1/speech-25/paragraph-6",89,38,1,1,1,25,6,"2004-10-04","Debate",0,1,0,"Officer",NA,NA,NA,NA,"When it has been indicated that all is in readiness, Their Excellencies will proceed to the Chamber of the Senate to formally open the First Session of the Thirty-Eighth Parliament of Canada.",33
"90",90,90,"/parliament-38/session-1/chamber-1/sitting-1/speech-25/paragraph-7","/parliament-38","/parliament-38/session-1","/parliament-38/session-1/chamber-1","/parliament-38/session-1/chamber-1/sitting-1","/parliament-38/session-1/chamber-1/sitting-1/speech-25","/parliament-38/session-1/chamber-1/sitting-1/speech-25/paragraph-7",90,38,1,1,1,25,7,"2004-10-04","Debate",0,1,0,"Officer",NA,NA,NA,NA,"Yours sincerely,",2
"91",91,91,"/parliament-38/session-1/chamber-1/sitting-1/speech-25/paragraph-8","/parliament-38","/parliament-38/session-1","/parliament-38/session-1/chamber-1","/parliament-38/session-1/chamber-1/sitting-1","/parliament-38/session-1/chamber-1/sitting-1/speech-25","/parliament-38/session-1/chamber-1/sitting-1/speech-25/paragraph-8",91,38,1,1,1,25,8,"2004-10-04","Debate",0,1,0,"Officer",NA,NA,NA,NA,"Curtis Barlow",2
"92",92,92,"/parliament-38/session-1/chamber-1/sitting-1/speech-25/paragraph-9","/parliament-38","/parliament-38/session-1","/parliament-38/session-1/chamber-1","/parliament-38/session-1/chamber-1/sitting-1","/parliament-38/session-1/chamber-1/sitting-1/speech-25","/parliament-38/session-1/chamber-1/sitting-1/speech-25/paragraph-9",92,38,1,1,1,25,9,"2004-10-04","Debate",0,1,0,"Officer",NA,NA,NA,NA,"Deputy Secretary",2
"93",93,93,"/parliament-38/session-1/chamber-1/sitting-1/speech-25/paragraph-10","/parliament-38","/parliament-38/session-1","/parliament-38/session-1/chamber-1","/parliament-38/session-1/chamber-1/sitting-1","/parliament-38/session-1/chamber-1/sitting-1/speech-25","/parliament-38/session-1/chamber-1/sitting-1/speech-25/paragraph-10",93,38,1,1,1,25,10,"2004-10-04","Debate",0,1,0,"Officer",NA,NA,NA,NA,"Accordingly, the House stands adjourned until tomorrow at 3 p.m., at which time the House will proceed to the Senate where Her Excellency will open the first session of the 38th Parliament.",32
"94",94,94,"/parliament-38/session-1/chamber-1/sitting-1/speech-25/paragraph-11","/parliament-38","/parliament-38/session-1","/parliament-38/session-1/chamber-1","/parliament-38/session-1/chamber-1/sitting-1","/parliament-38/session-1/chamber-1/sitting-1/speech-25","/parliament-38/session-1/chamber-1/sitting-1/speech-25/paragraph-11",94,38,1,1,1,25,11,"2004-10-04","Debate",0,1,0,"Officer",NA,NA,NA,NA,"(The House adjourned at 11:59 a.m.)",6
